filename,link_text,url,format,effective,rule_number,source_page,source_page_url,rate_class
2011_All_Fee_Schedules.zip,2011 All Fee Schedules,https://ahca.myflorida.com/content/download/7048/file/2011_All_Fee_Schedules.zip,zip,2011,,Historical Medicaid Reimbursement Schedules,https://ahca.myflorida.com/medicaid/rules/historical-medicaid-reimbursement-schedules.html,fee_schedule_historical
2013_All_Fee_Schedules.zip,2013 All Fee Schedules (Version 2),https://ahca.myflorida.com/content/download/7049/file/2013_All_Fee_Schedules.zip,zip,2013,,Historical Medicaid Reimbursement Schedules,https://ahca.myflorida.com/medicaid/rules/historical-medicaid-reimbursement-schedules.html,fee_schedule_historical
2014_All_Fee_Schedules.zip,2014 All Fee Schedules,https://ahca.myflorida.com/content/download/7050/file/2014_All_Fee_Schedules.zip,zip,2014,,Historical Medicaid Reimbursement Schedules,https://ahca.myflorida.com/medicaid/rules/historical-medicaid-reimbursement-schedules.html,fee_schedule_historical
2015_All_Fee_Schedules.zip,2015 All Fee Schedules,https://ahca.myflorida.com/content/download/7051/file/2015_All_Fee_Schedules.zip,zip,2015,,Historical Medicaid Reimbursement Schedules,https://ahca.myflorida.com/medicaid/rules/historical-medicaid-reimbursement-schedules.html,fee_schedule_historical
2016_All_Fee_Schedules.zip,2016 All Fee Schedules,https://ahca.myflorida.com/content/download/7052/file/2016_All_Fee_Schedules.zip,zip,2016,,Historical Medicaid Reimbursement Schedules,https://ahca.myflorida.com/medicaid/rules/historical-medicaid-reimbursement-schedules.html,fee_schedule_historical
2017_All_Fee_Schedules.zip,2017 All Fee Schedules,https://ahca.myflorida.com/content/download/7053/file/2017_All_Fee_Schedules.zip,zip,2017,,Historical Medicaid Reimbursement Schedules,https://ahca.myflorida.com/medicaid/rules/historical-medicaid-reimbursement-schedules.html,fee_schedule_historical
2018_All_Fee_Schedules.zip,2018 All Fee Schedules,https://ahca.myflorida.com/content/download/7054/file/2018_All_Fee_Schedules.zip,zip,2018,,Historical Medicaid Reimbursement Schedules,https://ahca.myflorida.com/medicaid/rules/historical-medicaid-reimbursement-schedules.html,fee_schedule_historical
2019_All_Fee_Schedules.zip,2019 All Fee Schedules,https://ahca.myflorida.com/content/download/7055/file/2019_All_Fee_Schedules.zip,zip,2019,,Historical Medicaid Reimbursement Schedules,https://ahca.myflorida.com/medicaid/rules/historical-medicaid-reimbursement-schedules.html,fee_schedule_historical
2020_All_Fee_Schedules.zip,2020 All Fee Schedules,https://ahca.myflorida.com/content/download/7056/file/2020_All_Fee_Schedules.zip,zip,2020,,Historical Medicaid Reimbursement Schedules,https://ahca.myflorida.com/medicaid/rules/historical-medicaid-reimbursement-schedules.html,fee_schedule_historical
2021_All_Fee_Schedules.zip,2021 All Fee Schedules,https://ahca.myflorida.com/content/download/19974/file/2021_All_Fee_Schedules.zip,zip,2021,,Historical Medicaid Reimbursement Schedules,https://ahca.myflorida.com/medicaid/rules/historical-medicaid-reimbursement-schedules.html,fee_schedule_historical
2022 Fee Schedules and Billing Codes.zip,2022 All Fee Schedules,https://ahca.myflorida.com/content/download/23801/file/2022%20Fee%20Schedules%20and%20Billing%20Codes.zip,zip,2022,,Historical Medicaid Reimbursement Schedules,https://ahca.myflorida.com/medicaid/rules/historical-medicaid-reimbursement-schedules.html,fee_schedule_historical
2023_All_Fee_Schedules.zip,2023 All Fee Schedules,https://ahca.myflorida.com/content/download/25309/file/2023_All_Fee_Schedules.zip,zip,2023,,Historical Medicaid Reimbursement Schedules,https://ahca.myflorida.com/medicaid/rules/historical-medicaid-reimbursement-schedules.html,fee_schedule_historical
2024 All Fee Schedules.zip,2024 All Fee Schedules,https://ahca.myflorida.com/content/download/27052/file/2024%20All%20Fee%20Schedules.zip,zip,2024,,Historical Medicaid Reimbursement Schedules,https://ahca.myflorida.com/medicaid/rules/historical-medicaid-reimbursement-schedules.html,fee_schedule_historical
All-January-2006.zip,2006 All Fee Schedules,https://ahca.myflorida.com/content/download/7057/file/All-January-2006.zip,zip,2006,,Historical Medicaid Reimbursement Schedules,https://ahca.myflorida.com/medicaid/rules/historical-medicaid-reimbursement-schedules.html,fee_schedule_historical
All_2007_Fee_Schedules.zip,2007 All Fee Schedules,https://ahca.myflorida.com/content/download/7058/file/All_2007_Fee_Schedules.zip,zip,2007,,Historical Medicaid Reimbursement Schedules,https://ahca.myflorida.com/medicaid/rules/historical-medicaid-reimbursement-schedules.html,fee_schedule_historical
All_Current_2012.zip,2012 All Fee Schedules,https://ahca.myflorida.com/content/download/7059/file/All_Current_2012.zip,zip,2012,,Historical Medicaid Reimbursement Schedules,https://ahca.myflorida.com/medicaid/rules/historical-medicaid-reimbursement-schedules.html,fee_schedule_historical
FS_08_081001_All_Archived_Fee_Schedules_ver1.9.zip,2008 All Fee Schedules,https://ahca.myflorida.com/content/download/7060/file/FS_08_081001_All_Archived_Fee_Schedules_ver1.9.zip,zip,2008,,Historical Medicaid Reimbursement Schedules,https://ahca.myflorida.com/medicaid/rules/historical-medicaid-reimbursement-schedules.html,fee_schedule_historical
FS_10_100714_All_Archived_Fee_Schedules_ver1.0.zip,2010 All Fee Schedules,https://ahca.myflorida.com/content/download/7061/file/FS_10_100714_All_Archived_Fee_Schedules_ver1.0.zip,zip,2010,,Historical Medicaid Reimbursement Schedules,https://ahca.myflorida.com/medicaid/rules/historical-medicaid-reimbursement-schedules.html,fee_schedule_historical
FS_2009_All_Fee_Schedules_ver1.0.zip,2009 All Fee Schedules,https://ahca.myflorida.com/content/download/7062/file/FS_2009_All_Fee_Schedules_ver1.0.zip,zip,2009,,Historical Medicaid Reimbursement Schedules,https://ahca.myflorida.com/medicaid/rules/historical-medicaid-reimbursement-schedules.html,fee_schedule_historical
59G-1.010 Definitions Policy.pdf,Definitions,https://ahca.myflorida.com/content/download/24713/file/59G-1.010%20Definitions%20Policy.pdf,pdf,,59G-1.010,Adopted Rules – General Policies,https://ahca.myflorida.com/medicaid/rules/adopted-rules-general-policies.html,policy_general
59G-1.050_General_Medicaid_Policy.pdf,General Medicaid Policy,https://ahca.myflorida.com/content/download/5921/file/59G-1.050_General_Medicaid_Policy.pdf,pdf,,59G-1.050,Adopted Rules – General Policies,https://ahca.myflorida.com/medicaid/rules/adopted-rules-general-policies.html,policy_general
59G-1.058.pdf,Eligibility,https://ahca.myflorida.com/content/download/28292/file/59G-1.058.pdf,pdf,,59G-1.058,Adopted Rules – General Policies,https://ahca.myflorida.com/medicaid/rules/adopted-rules-general-policies.html,policy_general
59G-1.100_Medicaid_Fair_Hearings.pdf,Florida Medicaid Fair Hearings,https://ahca.myflorida.com/content/download/5924/file/59G-1.100_Medicaid_Fair_Hearings.pdf,pdf,,59G-1.100,Adopted Rules – General Policies,https://ahca.myflorida.com/medicaid/rules/adopted-rules-general-policies.html,policy_general
59G_1020_DEFINITION_COUNTY_OF_RESIDENCE.pdf,Definition of County of Residence,https://ahca.myflorida.com/content/download/7007/file/59G_1020_DEFINITION_COUNTY_OF_RESIDENCE.pdf,pdf,,,Adopted Rules – General Policies,https://ahca.myflorida.com/medicaid/rules/adopted-rules-general-policies.html,policy_general
59G_1035_Determining_Generally_Accepted_Professional_Medical_Standards.pdf,Determining Generally Accepted Professional Medical Standards,https://ahca.myflorida.com/content/download/5926/file/59G_1035_Determining_Generally_Accepted_Professional_Medical_Standards.pdf,pdf,,,Adopted Rules – General Policies,https://ahca.myflorida.com/medicaid/rules/adopted-rules-general-policies.html,policy_general
59G_1036_Clinical_Trials.pdf,Clinical Trials,https://ahca.myflorida.com/content/download/7008/file/59G_1036_Clinical_Trials.pdf,pdf,,,Adopted Rules – General Policies,https://ahca.myflorida.com/medicaid/rules/adopted-rules-general-policies.html,policy_general
59G_1040_PASRR.pdf,Pre-Admission Screening and Resident Review,https://ahca.myflorida.com/content/download/5927/file/59G_1040_PASRR.pdf,pdf,,,Adopted Rules – General Policies,https://ahca.myflorida.com/medicaid/rules/adopted-rules-general-policies.html,policy_general
59G_1045_MEDICAID_FORMS.pdf,Medicaid Forms,https://ahca.myflorida.com/content/download/5928/file/59G_1045_MEDICAID_FORMS.pdf,pdf,,,Adopted Rules – General Policies,https://ahca.myflorida.com/medicaid/rules/adopted-rules-general-policies.html,policy_general
59G_1052_TPL_Requirements.pdf,Third Party Liability Requirements,https://ahca.myflorida.com/content/download/5929/file/59G_1052_TPL_Requirements.pdf,pdf,,,Adopted Rules – General Policies,https://ahca.myflorida.com/medicaid/rules/adopted-rules-general-policies.html,policy_general
59G_1053_Authorization_Requirements_Coverage_Policy.pdf,Authorization Requirements,https://ahca.myflorida.com/content/download/7009/file/59G_1053_Authorization_Requirements_Coverage_Policy.pdf,pdf,,,Adopted Rules – General Policies,https://ahca.myflorida.com/medicaid/rules/adopted-rules-general-policies.html,policy_general
59G_1054_Recordkeeping_Documentation_Requirements_FINAL.pdf,Recordkeeping and Documentation Requirements,https://ahca.myflorida.com/content/download/5930/file/59G_1054_Recordkeeping_Documentation_Requirements_FINAL.pdf,pdf,,,Adopted Rules – General Policies,https://ahca.myflorida.com/medicaid/rules/adopted-rules-general-policies.html,policy_general
59G_1056_Copayments_Coinsurance.pdf,Copayments and Coinsurance,https://ahca.myflorida.com/content/download/7010/file/59G_1056_Copayments_Coinsurance.pdf,pdf,,,Adopted Rules – General Policies,https://ahca.myflorida.com/medicaid/rules/adopted-rules-general-policies.html,policy_general
59G_1057_TELEMEDICINE.pdf,Telemedicine,https://ahca.myflorida.com/content/download/7011/file/59G_1057_TELEMEDICINE.pdf,pdf,,,Adopted Rules – General Policies,https://ahca.myflorida.com/medicaid/rules/adopted-rules-general-policies.html,policy_general
59G_5020_Provider_General_REQUIREMENTS.pdf,Provider Requirements,https://ahca.myflorida.com/content/download/7012/file/59G_5020_Provider_General_REQUIREMENTS.pdf,pdf,,,Adopted Rules – General Policies,https://ahca.myflorida.com/medicaid/rules/adopted-rules-general-policies.html,policy_general
59G_7003_Medicaid_Third_Party_Liability_Responsibility_Notices.pdf,Medicaid Third Party Liability Responsibility and Notices,https://ahca.myflorida.com/content/download/5931/file/59G_7003_Medicaid_Third_Party_Liability_Responsibility_Notices.pdf,pdf,,,Adopted Rules – General Policies,https://ahca.myflorida.com/medicaid/rules/adopted-rules-general-policies.html,policy_general
"59G_9070_Admin_Sanctions_on_Providers,_Entities_Persons.pdf","Administrative Sanctions on Providers, Entities, and Persons",https://ahca.myflorida.com/content/download/7013/file/59G_9070_Admin_Sanctions_on_Providers%2C_Entities_Persons.pdf,pdf,,,Adopted Rules – General Policies,https://ahca.myflorida.com/medicaid/rules/adopted-rules-general-policies.html,policy_general
Preadmission_Screen_and_Resident_Review_PASRR_Level_I_Form.pdf,Preadmission Screening and Resident Review Level I Screen,https://ahca.myflorida.com/content/download/5276/file/Preadmission_Screen_and_Resident_Review_PASRR_Level_I_Form.pdf,pdf,,,Adopted Rules – General Policies,https://ahca.myflorida.com/medicaid/rules/adopted-rules-general-policies.html,policy_general
Preadmission_Screen_and_Resident_Review_PASRR_Resident_Review_Evaluation_Request_Form.pdf,Preadmission Screening and Resident Review - Evaluation Request,https://ahca.myflorida.com/content/download/5277/file/Preadmission_Screen_and_Resident_Review_PASRR_Resident_Review_Evaluation_Request_Form.pdf,pdf,,,Adopted Rules – General Policies,https://ahca.myflorida.com/medicaid/rules/adopted-rules-general-policies.html,policy_general
Provider Enrollment Policy.pdf,Provider Enrollment Policy,https://ahca.myflorida.com/content/download/28712/file/Provider%20Enrollment%20Policy.pdf,pdf,,,Adopted Rules – General Policies,https://ahca.myflorida.com/medicaid/rules/adopted-rules-general-policies.html,policy_general
59G-4.085 EIS POLICY.pdf,Draft Policy,https://ahca.myflorida.com/content/download/26813/file/59G-4.085%20EIS%20POLICY.pdf,pdf,,59G-4.085,Rules in Process,https://ahca.myflorida.com/medicaid/rules/rules-in-process.html,policy_in_process
59G-4.130 Home Health Visit Services Coverage Policy.pdf,Draft Policy,https://ahca.myflorida.com/content/download/28392/file/59G-4.130%20Home%20Health%20Visit%20Services%20Coverage%20Policy.pdf,pdf,,59G-4.130,Rules in Process,https://ahca.myflorida.com/medicaid/rules/rules-in-process.html,policy_in_process
59G-4.252 Diabetic Supply Services Coverage Policy.pdf,Draft Policy,https://ahca.myflorida.com/content/download/27649/file/59G-4.252%20Diabetic%20Supply%20Services%20Coverage%20Policy.pdf,pdf,,59G-4.252,Rules in Process,https://ahca.myflorida.com/medicaid/rules/rules-in-process.html,policy_in_process
59G-4.261 Private Duty Nursing Services Coverage Policy.pdf,Draft Policy,https://ahca.myflorida.com/content/download/26983/file/59G-4.261%20Private%20Duty%20Nursing%20Services%20Coverage%20Policy.pdf,pdf,,59G-4.261,Rules in Process,https://ahca.myflorida.com/medicaid/rules/rules-in-process.html,policy_in_process
59G-4.261 Private Duty Nursing Services.pdf,Draft Policy&nbsp;,https://ahca.myflorida.com/content/download/28265/file/59G-4.261%20Private%20Duty%20Nursing%20Services.pdf,pdf,,59G-4.261,Rules in Process,https://ahca.myflorida.com/medicaid/rules/rules-in-process.html,policy_in_process
Florida Medicaid Case Management Services Coverage Policy.pdf,Draft Policy,https://ahca.myflorida.com/content/download/28557/file/Florida%20Medicaid%20Case%20Management%20Services%20Coverage%20Policy.pdf,pdf,,,Rules in Process,https://ahca.myflorida.com/medicaid/rules/rules-in-process.html,policy_in_process
Florida Medicaid Reproductive Services Coverage Policy_ draft.pdf,Draft Policy,https://ahca.myflorida.com/content/download/28693/file/Florida%20Medicaid%20Reproductive%20Services%20Coverage%20Policy_%20draft.pdf,pdf,,,Rules in Process,https://ahca.myflorida.com/medicaid/rules/rules-in-process.html,policy_in_process
Florida_Medicaid_Hearing_Services_Coverage_Policy.pdf,Draft Policy,https://ahca.myflorida.com/file/medicaid/Florida_Medicaid_Hearing_Services_Coverage_Policy.pdf,pdf,,,Rules in Process,https://ahca.myflorida.com/medicaid/rules/rules-in-process.html,policy_in_process
Rulemaking Template Agenda.pdf,Agenda,https://ahca.myflorida.com/content/download/7018/file/Rulemaking%20Template%20Agenda.pdf,pdf,,,Rules in Process,https://ahca.myflorida.com/medicaid/rules/rules-in-process.html,policy_in_process
59G-14.001_KidCare_Disp_and_Griev_Process.pdf,Florida Kidcare Dispute Review and Grievance Process,https://ahca.myflorida.com/content/download/7014/file/59G-14.001_KidCare_Disp_and_Griev_Process.pdf,pdf,,59G-14.001,Adopted Rules – Other Policies,https://ahca.myflorida.com/medicaid/rules/adopted-rules-other-policies.html,policy_other
59G-7.007_Hlth_Ins_Prem_Prgm.pdf,Health Insurance Premium Payment Program,https://ahca.myflorida.com/content/download/7015/file/59G-7.007_Hlth_Ins_Prem_Prgm.pdf,pdf,,59G-7.007,Adopted Rules – Other Policies,https://ahca.myflorida.com/medicaid/rules/adopted-rules-other-policies.html,policy_other
59G-7.0211_Exchange_of_Medical_Data_with_Health_Insurers.pdf,Exchange of Medicaid Data with Health Insurers,https://ahca.myflorida.com/content/download/7016/file/59G-7.0211_Exchange_of_Medical_Data_with_Health_Insurers.pdf,pdf,,59G-7.0211,Adopted Rules – Other Policies,https://ahca.myflorida.com/medicaid/rules/adopted-rules-other-policies.html,policy_other
59G-8.800_Financial_Comp_Audits.pdf,Financial Compliance Audits of Medicaid Prepaid Plans,https://ahca.myflorida.com/content/download/7017/file/59G-8.800_Financial_Comp_Audits.pdf,pdf,,59G-8.800,Adopted Rules – Other Policies,https://ahca.myflorida.com/medicaid/rules/adopted-rules-other-policies.html,policy_other
59G-1.001_Purpose.pdf,Purpose,https://ahca.myflorida.com/content/download/7019/file/59G-1.001_Purpose.pdf,pdf,,59G-1.001,Adopted Rules – Reimbursement Policies,https://ahca.myflorida.com/medicaid/rules/adopted-rules-reimbursement-policies.html,policy_reimbursement
59G-13.080_HCBS_Waivers.pdf,Home and Community-Based Services Waivers,https://ahca.myflorida.com/content/download/7020/file/59G-13.080_HCBS_Waivers.pdf,pdf,,59G-13.080,Adopted Rules – Reimbursement Policies,https://ahca.myflorida.com/medicaid/rules/adopted-rules-reimbursement-policies.html,policy_reimbursement
59G-4.251 Prescribed Drugs Reimbursement Methodology.pdf,Prescribed Drugs Reimbursement Methodology,https://ahca.myflorida.com/file/medicaid/59G-4.251%20Prescribed%20Drugs%20Reimbursement%20Methodology.pdf,pdf,,59G-4.251,Adopted Rules – Reimbursement Policies,https://ahca.myflorida.com/medicaid/rules/adopted-rules-reimbursement-policies.html,policy_reimbursement
59G-5.110_Direct_Reimb.pdf,Direct Reimbursement to Recipients,https://ahca.myflorida.com/content/download/7022/file/59G-5.110_Direct_Reimb.pdf,pdf,,59G-5.110,Adopted Rules – Reimbursement Policies,https://ahca.myflorida.com/medicaid/rules/adopted-rules-reimbursement-policies.html,policy_reimbursement
59G-6.005_Reimb_Med_School_Faculty.pdf,Reimbursement Methodology for Services Provided by Medical School Faculty,https://ahca.myflorida.com/content/download/7023/file/59G-6.005_Reimb_Med_School_Faculty.pdf,pdf,,59G-6.005,Adopted Rules – Reimbursement Policies,https://ahca.myflorida.com/medicaid/rules/adopted-rules-reimbursement-policies.html,policy_reimbursement
59G-6.009.pdf,TEACH,https://ahca.myflorida.com/content/download/27459/file/59G-6.009.pdf,pdf,,59G-6.009,Adopted Rules – Reimbursement Policies,https://ahca.myflorida.com/medicaid/rules/adopted-rules-reimbursement-policies.html,policy_reimbursement
59G-6.010.doc,Payment Methodology for Nursing Home Services,https://ahca.myflorida.com/file/medicaid/59G-6.010.doc,doc,,59G-6.010,Adopted Rules – Reimbursement Policies,https://ahca.myflorida.com/medicaid/rules/adopted-rules-reimbursement-policies.html,policy_reimbursement
59G-6.020_Inpatient_Services_2018.pdf,Payment Methodology for Inpatient Hospital Services,https://ahca.myflorida.com/content/download/7025/file/59G-6.020_Inpatient_Services_2018.pdf,pdf,2018,59G-6.020,Adopted Rules – Reimbursement Policies,https://ahca.myflorida.com/medicaid/rules/adopted-rules-reimbursement-policies.html,policy_reimbursement
59G-6.025_Reimburse_Mthd_Cancer_Hosp.pdf,Reimbursement Methodology for Cancer Hospitals,https://ahca.myflorida.com/content/download/7040/file/59G-6.025_Reimburse_Mthd_Cancer_Hosp.pdf,pdf,,59G-6.025,Adopted Rules – Reimbursement Policies,https://ahca.myflorida.com/medicaid/rules/adopted-rules-reimbursement-policies.html,policy_reimbursement
59G-6.031_EnhancedAmbulatoryPatiemtGroupingReimbursementMethodology.pdf,Enhanced Ambulatory Patient Grouping Reimbursement Methodology for Hospital Outpatient Services and Ambulatory Surgical Centers,https://ahca.myflorida.com/content/download/7026/file/59G-6.031_EnhancedAmbulatoryPatiemtGroupingReimbursementMethodology.pdf,pdf,,59G-6.031,Adopted Rules – Reimbursement Policies,https://ahca.myflorida.com/medicaid/rules/adopted-rules-reimbursement-policies.html,policy_reimbursement
59G-6.040_ICF_MRDD_Publicly_Owned_Operated.pdf,Payment Methodology for ICF/MR-DD Services in Publicly Owned and Publicly Operated Facilities,https://ahca.myflorida.com/content/download/7027/file/59G-6.040_ICF_MRDD_Publicly_Owned_Operated.pdf,pdf,,59G-6.040,Adopted Rules – Reimbursement Policies,https://ahca.myflorida.com/medicaid/rules/adopted-rules-reimbursement-policies.html,policy_reimbursement
59G-6.045_Adopted_RuleText.pdf,Payment Methodology for Services in Facilities Not Publicly Owned and Not Publicly Operated,https://ahca.myflorida.com/content/download/7028/file/59G-6.045_Adopted_RuleText.pdf,pdf,,59G-6.045,Adopted Rules – Reimbursement Policies,https://ahca.myflorida.com/medicaid/rules/adopted-rules-reimbursement-policies.html,policy_reimbursement
59G-6.090_County_Health_Department_Reimbursement.pdf,Payment Methodology for County Health Departments,https://ahca.myflorida.com/content/download/7029/file/59G-6.090_County_Health_Department_Reimbursement.pdf,pdf,,59G-6.090,Adopted Rules – Reimbursement Policies,https://ahca.myflorida.com/medicaid/rules/adopted-rules-reimbursement-policies.html,policy_reimbursement
69G-6.030_Outpatient_Hospital_Reimbursement_Plan.pdf,Payment Methodology for Outpatient Hospital Services,https://ahca.myflorida.com/content/download/7030/file/69G-6.030_Outpatient_Hospital_Reimbursement_Plan.pdf,pdf,,,Adopted Rules – Reimbursement Policies,https://ahca.myflorida.com/medicaid/rules/adopted-rules-reimbursement-policies.html,policy_reimbursement
Developmental Disabilities Individual Budgeting Waiver Services Provider Rate Table.xlsx,Developmental Disabilities Individual Budgeting Waiver Services Provider Rate Table,https://ahca.myflorida.com/file/medicaid/Developmental%20Disabilities%20Individual%20Budgeting%20Waiver%20Services%20Provider%20Rate%20Table.xlsx,xlsx,,,Adopted Rules – Reimbursement Policies,https://ahca.myflorida.com/medicaid/rules/adopted-rules-reimbursement-policies.html,policy_reimbursement
RH_08_080701_CMS-1500_ver1_4.pdf,Medicaid Providers Who Bill on the CMS-1500,https://ahca.myflorida.com/content/download/7031/file/RH_08_080701_CMS-1500_ver1_4.pdf,pdf,,,Adopted Rules – Reimbursement Policies,https://ahca.myflorida.com/medicaid/rules/adopted-rules-reimbursement-policies.html,policy_reimbursement
RH_08_080701_UB-04_ver1_3.pdf,Medicaid Providers Who Bill on the UB-04,https://ahca.myflorida.com/content/download/7032/file/RH_08_080701_UB-04_ver1_3.pdf,pdf,,,Adopted Rules – Reimbursement Policies,https://ahca.myflorida.com/medicaid/rules/adopted-rules-reimbursement-policies.html,policy_reimbursement
5000-0025-Model_Waiver_Physician_Referral_at_Risk_Hospitalization.pdf,Model Waiver Physician Referral for Individuals at Risk of Hospitalization,https://ahca.myflorida.com/content/download/5915/file/5000-0025-Model_Waiver_Physician_Referral_at_Risk_Hospitalization.pdf,pdf,,,Adopted Rules,https://ahca.myflorida.com/medicaid/rules/adopted-rules.html,policy_rule
5000-3511_final.pdf,Authorization For Comprehensive Behavioral Health Assessment,https://ahca.myflorida.com/content/download/6966/file/5000-3511_final.pdf,pdf,,,Adopted Rules,https://ahca.myflorida.com/medicaid/rules/adopted-rules.html,policy_rule
5000-3512_final.pdf,Comprehensive Behavioral Health Assessment Agency and Practitioner Self-Certification,https://ahca.myflorida.com/content/download/6967/file/5000-3512_final.pdf,pdf,,,Adopted Rules,https://ahca.myflorida.com/medicaid/rules/adopted-rules.html,policy_rule
5000-3513_final.pdf,Specialized Therapeutic Foster Care Provider Agency Self-Certification,https://ahca.myflorida.com/content/download/6968/file/5000-3513_final.pdf,pdf,,,Adopted Rules,https://ahca.myflorida.com/medicaid/rules/adopted-rules.html,policy_rule
5000-3514_final.pdf,Authorization for Specialized Therapeutic Foster Care,https://ahca.myflorida.com/content/download/6969/file/5000-3514_final.pdf,pdf,,,Adopted Rules,https://ahca.myflorida.com/medicaid/rules/adopted-rules.html,policy_rule
5000-3515_final.pdf,Authorization for Crisis Intervention,https://ahca.myflorida.com/content/download/6970/file/5000-3515_final.pdf,pdf,,,Adopted Rules,https://ahca.myflorida.com/medicaid/rules/adopted-rules.html,policy_rule
5000-3519_final.pdf,Provider Agency Acknowledgement for Therapeutic Group Care,https://ahca.myflorida.com/content/download/6971/file/5000-3519_final.pdf,pdf,,,Adopted Rules,https://ahca.myflorida.com/medicaid/rules/adopted-rules.html,policy_rule
5000-3521_final.pdf,Authorization for Therapeutic Group Care Services,https://ahca.myflorida.com/content/download/6972/file/5000-3521_final.pdf,pdf,,,Adopted Rules,https://ahca.myflorida.com/medicaid/rules/adopted-rules.html,policy_rule
5000-3522_final_to_ss.pdf,Certification of Eligibility,https://ahca.myflorida.com/content/download/6973/file/5000-3522_final_to_ss.pdf,pdf,,,Adopted Rules,https://ahca.myflorida.com/medicaid/rules/adopted-rules.html,policy_rule
5000-3523_final_to_ss.pdf,Provider Agency Self-Certification,https://ahca.myflorida.com/content/download/6974/file/5000-3523_final_to_ss.pdf,pdf,,,Adopted Rules,https://ahca.myflorida.com/medicaid/rules/adopted-rules.html,policy_rule
Adult_Cystic_Fibrosis_Physician_Referral.pdf,Adults with Cystic Fibrosis Physician Referral for Individuals at Risk for Hospitalization,https://ahca.myflorida.com/content/download/5918/file/Adult_Cystic_Fibrosis_Physician_Referral.pdf,pdf,,,Adopted Rules,https://ahca.myflorida.com/medicaid/rules/adopted-rules.html,policy_rule
AHCA MedServ Form 022 April 2024 Final.pdf,Agency Certification Children's Mental Health Targeted Case Management,https://ahca.myflorida.com/content/download/28714/file/AHCA%20MedServ%20Form%20022%20April%202024%20Final.pdf,pdf,2024,,Adopted Rules,https://ahca.myflorida.com/medicaid/rules/adopted-rules.html,policy_rule
AHCA MedServ Form 023 April 2024 Final.pdf,Agency Certification Adult Mental Health Targeted Case Management,https://ahca.myflorida.com/content/download/28715/file/AHCA%20MedServ%20Form%20023%20April%202024%20Final.pdf,pdf,2024,,Adopted Rules,https://ahca.myflorida.com/medicaid/rules/adopted-rules.html,policy_rule
AHCA MedServ Form 024 April 2024 Final.pdf,Agency Certification Intensive Case Management Team Services Adult Mental Health Targeted Case Management,https://ahca.myflorida.com/content/download/28716/file/AHCA%20MedServ%20Form%20024%20April%202024%20Final.pdf,pdf,2024,,Adopted Rules,https://ahca.myflorida.com/medicaid/rules/adopted-rules.html,policy_rule
AHCA_5240-006_Unborn_Activation_2017.pdf,Unborn Activation Form,https://ahca.myflorida.com/content/download/5916/file/AHCA_5240-006_Unborn_Activation_2017.pdf,pdf,2017,,Adopted Rules,https://ahca.myflorida.com/medicaid/rules/adopted-rules.html,policy_rule
AIDS_Physician_Referral.pdf,Acquired Immune Deficiency Syndrome (AIDS) Physician Referral for Individuals at Risk of Hospitalization,https://ahca.myflorida.com/content/download/5917/file/AIDS_Physician_Referral.pdf,pdf,,,Adopted Rules,https://ahca.myflorida.com/medicaid/rules/adopted-rules.html,policy_rule
Appendix_B_Agency_Cert_Children_MHTCM.pdf,Agency Certification Children’s Mental Health Targeted Case Management,https://ahca.myflorida.com/content/download/6975/file/Appendix_B_Agency_Cert_Children_MHTCM.pdf,pdf,,,Adopted Rules,https://ahca.myflorida.com/medicaid/rules/adopted-rules.html,policy_rule
Appendix_C_Agency_Cert_Adult_MHTCM.pdf,Agency Certification Adult Mental Health Targeted Case Management,https://ahca.myflorida.com/content/download/6976/file/Appendix_C_Agency_Cert_Adult_MHTCM.pdf,pdf,,,Adopted Rules,https://ahca.myflorida.com/medicaid/rules/adopted-rules.html,policy_rule
Appendix_D_Agency_Cert_Intensive_Adult_MHTCM.pdf,Agency Certification Intensive Case Management Team Services Adult Mental Health Targeted Case Management,https://ahca.myflorida.com/content/download/6977/file/Appendix_D_Agency_Cert_Intensive_Adult_MHTCM.pdf,pdf,,,Adopted Rules,https://ahca.myflorida.com/medicaid/rules/adopted-rules.html,policy_rule
Appendix_E_CM_Sup_Cert_Children_MHTCM.pdf,Case Management Supervisor Certification Children’s Mental Health Targeted Case Management,https://ahca.myflorida.com/content/download/6978/file/Appendix_E_CM_Sup_Cert_Children_MHTCM.pdf,pdf,,,Adopted Rules,https://ahca.myflorida.com/medicaid/rules/adopted-rules.html,policy_rule
Appendix_F_CM_Sup_Cert_Adult_MHTCM.pdf,Case Management Supervisor Certification Adult Mental Health Targeted Case Management,https://ahca.myflorida.com/content/download/6979/file/Appendix_F_CM_Sup_Cert_Adult_MHTCM.pdf,pdf,,,Adopted Rules,https://ahca.myflorida.com/medicaid/rules/adopted-rules.html,policy_rule
Appendix_G_CM_Cert_Children_MHTCM.pdf,Case Manager Certification Children’s Mental Health Targeted Case Management,https://ahca.myflorida.com/content/download/6980/file/Appendix_G_CM_Cert_Children_MHTCM.pdf,pdf,,,Adopted Rules,https://ahca.myflorida.com/medicaid/rules/adopted-rules.html,policy_rule
Appendix_H_CM_Cert_Adult_MHTCM.pdf,Case Manager Certification Adult Mental Health Targeted Case Management,https://ahca.myflorida.com/content/download/6981/file/Appendix_H_CM_Cert_Adult_MHTCM.pdf,pdf,,,Adopted Rules,https://ahca.myflorida.com/medicaid/rules/adopted-rules.html,policy_rule
Appendix_I_Children_Cert_MHTCM.pdf,Children’s Certification Children’s Mental Health Targeted Case Management,https://ahca.myflorida.com/content/download/6982/file/Appendix_I_Children_Cert_MHTCM.pdf,pdf,,,Adopted Rules,https://ahca.myflorida.com/medicaid/rules/adopted-rules.html,policy_rule
Appendix_J_Adult_Cert_MHTCM.pdf,Adult Certification Adult Mental Health Targeted Case Management,https://ahca.myflorida.com/content/download/6983/file/Appendix_J_Adult_Cert_MHTCM.pdf,pdf,,,Adopted Rules,https://ahca.myflorida.com/medicaid/rules/adopted-rules.html,policy_rule
Appendix_K_Adult_Cert_Int_CM_Adult_MHTCM.pdf,Adult Certification Intensive Case Management Team Services Adult Mental Health Targeted Case Management,https://ahca.myflorida.com/content/download/6984/file/Appendix_K_Adult_Cert_Int_CM_Adult_MHTCM.pdf,pdf,,,Adopted Rules,https://ahca.myflorida.com/medicaid/rules/adopted-rules.html,policy_rule
Appendix_L_Med_30-day_Cert_MHTCM.pdf,Medicaid 30-Day Certification For Children’s Or Adult Mental Health Targeted Case Management,https://ahca.myflorida.com/content/download/6985/file/Appendix_L_Med_30-day_Cert_MHTCM.pdf,pdf,,,Adopted Rules,https://ahca.myflorida.com/medicaid/rules/adopted-rules.html,policy_rule
consent-for-sterilization-english-2025.pdf,Sterilization Consent Form: English - PDF,https://opa.hhs.gov/sites/default/files/2025-07/consent-for-sterilization-english-2025.pdf,pdf,2025,,Adopted Rules,https://ahca.myflorida.com/medicaid/rules/adopted-rules.html,policy_rule
consent-for-sterilization-spanish-2025.pdf,Sterilization Consent Form: Spanish (Español)&nbsp;- PDF,https://opa.hhs.gov/sites/default/files/2025-07/consent-for-sterilization-spanish-2025.pdf,pdf,2025,,Adopted Rules,https://ahca.myflorida.com/medicaid/rules/adopted-rules.html,policy_rule
Consent-for-Voluntary-Suspension-of-Authorized-Ser.pdf,Agency for Health Care Administration Consent for Voluntary Suspension of Authorized Services for Florida Medicaid State Plan Recipients,https://ahca.myflorida.com/content/download/5919/file/Consent-for-Voluntary-Suspension-of-Authorized-Ser.pdf,pdf,,,Adopted Rules,https://ahca.myflorida.com/medicaid/rules/adopted-rules.html,policy_rule
DME_Wheelchair_Evaluation_ver1.0.pdf,Custom Wheelchair Evaluation,https://ahca.myflorida.com/content/download/6986/file/DME_Wheelchair_Evaluation_ver1.0.pdf,pdf,,,Adopted Rules,https://ahca.myflorida.com/medicaid/rules/adopted-rules.html,policy_rule
EIS_019_Request_Exceed_Medicaid_Limitations.pdf,Early Intervention Services Request To Exceed Medicaid Limitations,https://ahca.myflorida.com/content/download/6987/file/EIS_019_Request_Exceed_Medicaid_Limitations.pdf,pdf,,,Adopted Rules,https://ahca.myflorida.com/medicaid/rules/adopted-rules.html,policy_rule
Medical_Cert_for_Long_Term_Care_5000_3008.pdf,Medical Certification for Medicaid Long-term Care Services and Patient Transfer,https://ahca.myflorida.com/content/download/6989/file/Medical_Cert_for_Long_Term_Care_5000_3008.pdf,pdf,,,Adopted Rules,https://ahca.myflorida.com/medicaid/rules/adopted-rules.html,policy_rule
Medical_Cert_for_Long_Term_Care_5000_3008_June_2016_Instructions.pdf,Medical Certification for Medicaid Long-term Care Services and Patient Transfer Instructions,https://ahca.myflorida.com/content/download/6990/file/Medical_Cert_for_Long_Term_Care_5000_3008_June_2016_Instructions.pdf,pdf,2016,,Adopted Rules,https://ahca.myflorida.com/medicaid/rules/adopted-rules.html,policy_rule
Medicare_Part_C-Medicaid_CMS-1500_Crossover_Invoice.pdf,Medicare Part C-Medicaid CMS-1500 Crossover Invoice,https://ahca.myflorida.com/content/download/6991/file/Medicare_Part_C-Medicaid_CMS-1500_Crossover_Invoice.pdf,pdf,,,Adopted Rules,https://ahca.myflorida.com/medicaid/rules/adopted-rules.html,policy_rule
Medicare_Part_C-Medicaid_UB-04_Crossover_Invoice.pdf,Medicare Part C-Medicaid UB-04 Crossover Invoice,https://ahca.myflorida.com/content/download/6992/file/Medicare_Part_C-Medicaid_UB-04_Crossover_Invoice.pdf,pdf,,,Adopted Rules,https://ahca.myflorida.com/medicaid/rules/adopted-rules.html,policy_rule
PAC_Case_Management_Agency_Transfer_Request.pdf,PAC Case Management Agency Transfer Request,https://ahca.myflorida.com/content/download/6993/file/PAC_Case_Management_Agency_Transfer_Request.pdf,pdf,,,Adopted Rules,https://ahca.myflorida.com/medicaid/rules/adopted-rules.html,policy_rule
PAC_Physician_Referral_and_Request_for_Level_of_Care_Determination.pdf,PAC Physician Referral and Request for Level of Care Determination – CARES Form 67,https://ahca.myflorida.com/content/download/6994/file/PAC_Physician_Referral_and_Request_for_Level_of_Care_Determination.pdf,pdf,,,Adopted Rules,https://ahca.myflorida.com/medicaid/rules/adopted-rules.html,policy_rule
PAC_Service_Authorization_)Form.pdf,PAC Service Authorization Form,https://ahca.myflorida.com/content/download/6995/file/PAC_Service_Authorization_%29Form.pdf,pdf,,,Adopted Rules,https://ahca.myflorida.com/medicaid/rules/adopted-rules.html,policy_rule
PAC_Waiver_Case_Management_and_Comprehensive_Needs_Assessment_Protocol.pdf,PAC Waiver Case Management and Comprehensive Needs Assessment Protocol,https://ahca.myflorida.com/content/download/6996/file/PAC_Waiver_Case_Management_and_Comprehensive_Needs_Assessment_Protocol.pdf,pdf,,,Adopted Rules,https://ahca.myflorida.com/medicaid/rules/adopted-rules.html,policy_rule
PAC_Waiver_Enrollment_Application.pdf,PAC Waiver Enrollment Application,https://ahca.myflorida.com/content/download/6997/file/PAC_Waiver_Enrollment_Application.pdf,pdf,,,Adopted Rules,https://ahca.myflorida.com/medicaid/rules/adopted-rules.html,policy_rule
PAC_Waiver_Level_of_Need_Assessment_Case_Mangement_Tool.pdf,PAC Waiver Level of Need Assessment Case Management Tool,https://ahca.myflorida.com/content/download/6998/file/PAC_Waiver_Level_of_Need_Assessment_Case_Mangement_Tool.pdf,pdf,,,Adopted Rules,https://ahca.myflorida.com/medicaid/rules/adopted-rules.html,policy_rule
PAC_Waiver_Plan_of_Care_Summary.pdf,PAC Waiver Plan of Care Summary,https://ahca.myflorida.com/content/download/6999/file/PAC_Waiver_Plan_of_Care_Summary.pdf,pdf,,,Adopted Rules,https://ahca.myflorida.com/medicaid/rules/adopted-rules.html,policy_rule
Pharmacy_Miscellaneous_Form.pdf,Pharmacy Miscellaneous Form,https://ahca.myflorida.com/content/download/7001/file/Pharmacy_Miscellaneous_Form.pdf,pdf,,,Adopted Rules,https://ahca.myflorida.com/medicaid/rules/adopted-rules.html,policy_rule
PHC_Initial_Care_Management_Assessment.pdf,PHC Initial Care Management Assessment,https://ahca.myflorida.com/content/download/7000/file/PHC_Initial_Care_Management_Assessment.pdf,pdf,,,Adopted Rules,https://ahca.myflorida.com/medicaid/rules/adopted-rules.html,policy_rule
Preadmission_Screen_and_Resident_Review_(PASRR)_Level_I_Form.pdf,Preadmission Screen and Resident Review (PASRR) Level I Form,https://ahca.myflorida.com/content/download/7002/file/Preadmission_Screen_and_Resident_Review_%28PASRR%29_Level_I_Form.pdf,pdf,,,Adopted Rules,https://ahca.myflorida.com/medicaid/rules/adopted-rules.html,policy_rule
Preadmission_Screen_and_Resident_Review_(PASRR)_Resident_Review_Evaluation_Request_Form.pdf,Preadmission Screen and Resident Review (PASRR) Resident Review – Evaluation Request Form,https://ahca.myflorida.com/content/download/7003/file/Preadmission_Screen_and_Resident_Review_%28PASRR%29_Resident_Review_Evaluation_Request_Form.pdf,pdf,,,Adopted Rules,https://ahca.myflorida.com/medicaid/rules/adopted-rules.html,policy_rule
Provider_Inquiry_Form_0302.pdf,Provider Inquiry Form,https://ahca.myflorida.com/content/download/7004/file/Provider_Inquiry_Form_0302.pdf,pdf,,,Adopted Rules,https://ahca.myflorida.com/medicaid/rules/adopted-rules.html,policy_rule
Request_for_Multi-Source_Brand_Drug.pdf,Request for Multi-Source Brand Drug,https://ahca.myflorida.com/content/download/7005/file/Request_for_Multi-Source_Brand_Drug.pdf,pdf,,,Adopted Rules,https://ahca.myflorida.com/medicaid/rules/adopted-rules.html,policy_rule
Request_for_Plan_of_Care_Expenditure_Exception.pdf,Request for Plan of Care Expenditure Exception,https://ahca.myflorida.com/content/download/7006/file/Request_for_Plan_of_Care_Expenditure_Exception.pdf,pdf,,,Adopted Rules,https://ahca.myflorida.com/medicaid/rules/adopted-rules.html,policy_rule
59G- 4.026 Gastrointestinal Services Coverage Policy.dox (1).pdf,Gastrointestinal Services,https://ahca.myflorida.com/content/download/27063/file/59G-%204.026%20Gastrointestinal%20Services%20Coverage%20Policy.dox%20%281%29.pdf,pdf,,,Adopted Rules – Service Specific Policies,https://ahca.myflorida.com/medicaid/rules/adopted-rules-service-specific-policies.html,policy_service_specific
59G-13.070_DD_iBudget_Waiver_Services_2023rev.pdf,Developmental Disabilities Individual Budgeting Waiver Services,https://ahca.myflorida.com/content/download/5933/file/59G-13.070_DD_iBudget_Waiver_Services_2023rev.pdf,pdf,,59G-13.070,Adopted Rules – Service Specific Policies,https://ahca.myflorida.com/medicaid/rules/adopted-rules-service-specific-policies.html,policy_service_specific
59G-13.075_HCBS_Settings.pdf,Home and Community Based Services Settings,https://ahca.myflorida.com/content/download/5934/file/59G-13.075_HCBS_Settings.pdf,pdf,,59G-13.075,Adopted Rules – Service Specific Policies,https://ahca.myflorida.com/medicaid/rules/adopted-rules-service-specific-policies.html,policy_service_specific
59G-13.088.pdf,Consumer-Directed Care Plus Program,https://ahca.myflorida.com/content/download/27081/file/59G-13.088.pdf,pdf,,59G-13.088,Adopted Rules – Service Specific Policies,https://ahca.myflorida.com/medicaid/rules/adopted-rules-service-specific-policies.html,policy_service_specific
59G-4.013_Allergy_Services_Coverage_Policy.pdf,Allergy Services,https://ahca.myflorida.com/content/download/27058/file/59G-4.013_Allergy_Services_Coverage_Policy.pdf,pdf,,59G-4.013,Adopted Rules – Service Specific Policies,https://ahca.myflorida.com/medicaid/rules/adopted-rules-service-specific-policies.html,policy_service_specific
59G-4.015_Emergency_Transportation_Coverage_Policy_Adoption.pdf,Emergency Transportation Services,https://ahca.myflorida.com/content/download/7037/file/59G-4.015_Emergency_Transportation_Coverage_Policy_Adoption.pdf,pdf,,59G-4.015,Adopted Rules – Service Specific Policies,https://ahca.myflorida.com/medicaid/rules/adopted-rules-service-specific-policies.html,policy_service_specific
59G-4.020_Ambulatory_Surgical_Centers.pdf,Ambulatory Surgical Center Services,https://ahca.myflorida.com/content/download/5935/file/59G-4.020_Ambulatory_Surgical_Centers.pdf,pdf,,59G-4.020,Adopted Rules – Service Specific Policies,https://ahca.myflorida.com/medicaid/rules/adopted-rules-service-specific-policies.html,policy_service_specific
59G-4.022 Anesthesia Services Coverage Policy (1).pdf,Anesthesia Services,https://ahca.myflorida.com/content/download/27059/file/59G-4.022%20Anesthesia%20Services%20Coverage%20Policy%20%281%29.pdf,pdf,,59G-4.022,Adopted Rules – Service Specific Policies,https://ahca.myflorida.com/medicaid/rules/adopted-rules-service-specific-policies.html,policy_service_specific
59G-4.025_Assistive_Care_Services.pdf,Assistive Care Services,https://ahca.myflorida.com/content/download/5936/file/59G-4.025_Assistive_Care_Services.pdf,pdf,,59G-4.025,Adopted Rules – Service Specific Policies,https://ahca.myflorida.com/medicaid/rules/adopted-rules-service-specific-policies.html,policy_service_specific
59G-4.027 Behavioral Health Overlay Services Coverage and Limitations Handbook_Adoption.pdf,Behavioral Health Overlay Services,https://ahca.myflorida.com/content/download/27060/file/59G-4.027%20Behavioral%20Health%20Overlay%20Services%20Coverage%20and%20Limitations%20Handbook_Adoption.pdf,pdf,,59G-4.027,Adopted Rules – Service Specific Policies,https://ahca.myflorida.com/medicaid/rules/adopted-rules-service-specific-policies.html,policy_service_specific
59G-4.028.pdf,Behavioral Health Assessment Services,https://ahca.myflorida.com/content/download/5937/file/59G-4.028.pdf,pdf,,59G-4.028,Adopted Rules – Service Specific Policies,https://ahca.myflorida.com/medicaid/rules/adopted-rules-service-specific-policies.html,policy_service_specific
59G-4.029.pdf,Behavioral Health Medication Management Services,https://ahca.myflorida.com/content/download/5938/file/59G-4.029.pdf,pdf,,59G-4.029,Adopted Rules – Service Specific Policies,https://ahca.myflorida.com/medicaid/rules/adopted-rules-service-specific-policies.html,policy_service_specific
59G-4.030 Reproductive Services Coverage Policy (1).pdf,Reproductive Services,https://ahca.myflorida.com/content/download/27073/file/59G-4.030%20Reproductive%20Services%20Coverage%20Policy%20%281%29.pdf,pdf,,59G-4.030,Adopted Rules – Service Specific Policies,https://ahca.myflorida.com/medicaid/rules/adopted-rules-service-specific-policies.html,policy_service_specific
59G-4.031.pdf,Behavioral Health Community Support Services,https://ahca.myflorida.com/content/download/5939/file/59G-4.031.pdf,pdf,,59G-4.031,Adopted Rules – Service Specific Policies,https://ahca.myflorida.com/medicaid/rules/adopted-rules-service-specific-policies.html,policy_service_specific
59G-4.032 Integumentary Services Coverage Policy (1).pdf,Integumentary Services,https://ahca.myflorida.com/content/download/27066/file/59G-4.032%20Integumentary%20Services%20Coverage%20Policy%20%281%29.pdf,pdf,,59G-4.032,Adopted Rules – Service Specific Policies,https://ahca.myflorida.com/medicaid/rules/adopted-rules-service-specific-policies.html,policy_service_specific
59G-4.033 Cardiovascular Services Coverage Policy (1).pdf,Cardiovascular Services,https://ahca.myflorida.com/content/download/27061/file/59G-4.033%20Cardiovascular%20Services%20Coverage%20Policy%20%281%29.pdf,pdf,,59G-4.033,Adopted Rules – Service Specific Policies,https://ahca.myflorida.com/medicaid/rules/adopted-rules-service-specific-policies.html,policy_service_specific
59G-4.040_ChiropracticServices.pdf,Chiropractic Services,https://ahca.myflorida.com/content/download/5940/file/59G-4.040_ChiropracticServices.pdf,pdf,,59G-4.040,Adopted Rules – Service Specific Policies,https://ahca.myflorida.com/medicaid/rules/adopted-rules-service-specific-policies.html,policy_service_specific
59G-4.052.pdf,Behavioral Health Therapy Services,https://ahca.myflorida.com/content/download/5942/file/59G-4.052.pdf,pdf,,59G-4.052,Adopted Rules – Service Specific Policies,https://ahca.myflorida.com/medicaid/rules/adopted-rules-service-specific-policies.html,policy_service_specific
59G-4.055_CHD_Clinic.pdf,County Health Department Clinic,https://ahca.myflorida.com/content/download/5943/file/59G-4.055_CHD_Clinic.pdf,pdf,,59G-4.055,Adopted Rules – Service Specific Policies,https://ahca.myflorida.com/medicaid/rules/adopted-rules-service-specific-policies.html,policy_service_specific
59G-4.058_CHD_CertifiedMatchProgram.pdf,Medicaid County Health Department Certified Match Program,https://ahca.myflorida.com/content/download/5944/file/59G-4.058_CHD_CertifiedMatchProgram.pdf,pdf,,59G-4.058,Adopted Rules – Service Specific Policies,https://ahca.myflorida.com/medicaid/rules/adopted-rules-service-specific-policies.html,policy_service_specific
59G-4.060_Dental_Coverage_Policy.pdf,Dental Services,https://ahca.myflorida.com/content/download/5945/file/59G-4.060_Dental_Coverage_Policy.pdf,pdf,,59G-4.060,Adopted Rules – Service Specific Policies,https://ahca.myflorida.com/medicaid/rules/adopted-rules-service-specific-policies.html,policy_service_specific
59G-4.072 Durable Medical  Equipment and Medical Supply Services Specialized.pdf,Durable Medical Equipment and Medical Supply Services: Specialized,https://ahca.myflorida.com/content/download/23763/file/59G-4.072%20Durable%20Medical%20%20Equipment%20and%20Medical%20Supply%20Services%20Specialized.pdf,pdf,,59G-4.072,Adopted Rules – Service Specific Policies,https://ahca.myflorida.com/medicaid/rules/adopted-rules-service-specific-policies.html,policy_service_specific
59G-4.073 Durable Medical Equipment and Medical Supply Services Orthotic and Prosthetic.pdf,Durable Medical Equipment and Medical Supply Services: Orthotic and Prosthetic,https://ahca.myflorida.com/content/download/23764/file/59G-4.073%20Durable%20Medical%20Equipment%20and%20Medical%20Supply%20Services%20Orthotic%20and%20Prosthetic.pdf,pdf,,59G-4.073,Adopted Rules – Service Specific Policies,https://ahca.myflorida.com/medicaid/rules/adopted-rules-service-specific-policies.html,policy_service_specific
59G-4.074 Durable Medical Equipment and Medical Supply Services Respiratory.pdf,Durable Medical Equipment and Medical Supply Services: Respiratory,https://ahca.myflorida.com/content/download/23765/file/59G-4.074%20Durable%20Medical%20Equipment%20and%20Medical%20Supply%20Services%20Respiratory.pdf,pdf,,59G-4.074,Adopted Rules – Service Specific Policies,https://ahca.myflorida.com/medicaid/rules/adopted-rules-service-specific-policies.html,policy_service_specific
59G-4.075 Durable Medical Equipment and Medical Supply Services Wheelchairs Hospital Beds and Ambulatory Aids.pdf,"Durable Medical Equipment and Medical Supply Services: Wheelchairs, Hospital Beds, and Ambulatory Aids",https://ahca.myflorida.com/content/download/23766/file/59G-4.075%20Durable%20Medical%20Equipment%20and%20Medical%20Supply%20Services%20Wheelchairs%20Hospital%20Beds%20and%20Ambulatory%20Aids.pdf,pdf,,59G-4.075,Adopted Rules – Service Specific Policies,https://ahca.myflorida.com/medicaid/rules/adopted-rules-service-specific-policies.html,policy_service_specific
59G-4.076 Durable Medical Equipment and Medical Supply Services Coverage Policy Continence Ostomy and Wound Care.pdf,"Durable Medical Equipment and Medical Supply Services: Continence, Ostomy, and Wound Care",https://ahca.myflorida.com/content/download/23767/file/59G-4.076%20Durable%20Medical%20Equipment%20and%20Medical%20Supply%20Services%20Coverage%20Policy%20Continence%20Ostomy%20and%20Wound%20Care.pdf,pdf,,59G-4.076,Adopted Rules – Service Specific Policies,https://ahca.myflorida.com/medicaid/rules/adopted-rules-service-specific-policies.html,policy_service_specific
59G-4.077 Durable Medical Equipment and Supply Services Coverage Policy Enteral and Parenteral Nutrition.pdf,Durable Medical Equipment and Medical Supply Services: Enteral and Parenteral Nutrition,https://ahca.myflorida.com/content/download/23768/file/59G-4.077%20Durable%20Medical%20Equipment%20and%20Supply%20Services%20Coverage%20Policy%20Enteral%20and%20Parenteral%20Nutrition.pdf,pdf,,59G-4.077,Adopted Rules – Service Specific Policies,https://ahca.myflorida.com/medicaid/rules/adopted-rules-service-specific-policies.html,policy_service_specific
59G-4.085_EIS_Coverage_Policy_9.22.2023.pdf,Early Intervention Services,https://ahca.myflorida.com/content/download/5946/file/59G-4.085_EIS_Coverage_Policy_9.22.2023.pdf,pdf,2023,59G-4.085,Adopted Rules – Service Specific Policies,https://ahca.myflorida.com/medicaid/rules/adopted-rules-service-specific-policies.html,policy_service_specific
59G-4.087 Evaluation and Management and Child Health Check Policy (1).pdf,Evaluation and Management Services,https://ahca.myflorida.com/content/download/27062/file/59G-4.087%20Evaluation%20and%20Management%20and%20Child%20Health%20Check%20Policy%20%281%29.pdf,pdf,,59G-4.087,Adopted Rules – Service Specific Policies,https://ahca.myflorida.com/medicaid/rules/adopted-rules-service-specific-policies.html,policy_service_specific
59G-4.100_FQHCs.pdf,Federally Qualified Health Center,https://ahca.myflorida.com/content/download/5947/file/59G-4.100_FQHCs.pdf,pdf,,59G-4.100,Adopted Rules – Service Specific Policies,https://ahca.myflorida.com/medicaid/rules/adopted-rules-service-specific-policies.html,policy_service_specific
59G-4.108 Genitourinary Services Coverage Policy (1).pdf,Genitourinary Services,https://ahca.myflorida.com/content/download/27064/file/59G-4.108%20Genitourinary%20Services%20Coverage%20Policy%20%281%29.pdf,pdf,,59G-4.108,Adopted Rules – Service Specific Policies,https://ahca.myflorida.com/medicaid/rules/adopted-rules-service-specific-policies.html,policy_service_specific
59G-4.110 Hearing Services Coverage Policy (1).pdf,Hearing Services,https://ahca.myflorida.com/content/download/27065/file/59G-4.110%20Hearing%20Services%20Coverage%20Policy%20%281%29.pdf,pdf,,59G-4.110,Adopted Rules – Service Specific Policies,https://ahca.myflorida.com/medicaid/rules/adopted-rules-service-specific-policies.html,policy_service_specific
59G-4.120 SIPP_Coverage_Policy_Adoption1 (1).pdf,Statewide Inpatient Psychiatric Program,https://ahca.myflorida.com/content/download/27074/file/59G-4.120%20SIPP_Coverage_Policy_Adoption1%20%281%29.pdf,pdf,,59G-4.120,Adopted Rules – Service Specific Policies,https://ahca.myflorida.com/medicaid/rules/adopted-rules-service-specific-policies.html,policy_service_specific
59G-4.127 Florida Assertive Community Treatment Services_December 2023.pdf,Florida Assertive Community Treatment Services,https://ahca.myflorida.com/content/download/23793/file/59G-4.127%20Florida%20Assertive%20Community%20Treatment%20Services_December%202023.pdf,pdf,2023,59G-4.127,Adopted Rules – Service Specific Policies,https://ahca.myflorida.com/medicaid/rules/adopted-rules-service-specific-policies.html,policy_service_specific
59G-4.130 Home Health Visit Services Coverage Policy_FINAL.pdf,Home Health Services,https://ahca.myflorida.com/content/download/7034/file/59G-4.130%20Home%20Health%20Visit%20Services%20Coverage%20Policy_FINAL.pdf,pdf,,59G-4.130,Adopted Rules – Service Specific Policies,https://ahca.myflorida.com/medicaid/rules/adopted-rules-service-specific-policies.html,policy_service_specific
59G-4.140_Hospice_Coverage_Policy.pdf,Hospice Services,https://ahca.myflorida.com/content/download/5949/file/59G-4.140_Hospice_Coverage_Policy.pdf,pdf,,59G-4.140,Adopted Rules – Service Specific Policies,https://ahca.myflorida.com/medicaid/rules/adopted-rules-service-specific-policies.html,policy_service_specific
59G-4.150 Inpatient Hospital Services Coverage Policy Final.pdf,Inpatient Hospital Services,https://ahca.myflorida.com/content/download/26471/file/59G-4.150%20Inpatient%20Hospital%20Services%20Coverage%20Policy%20Final.pdf,pdf,,59G-4.150,Adopted Rules – Service Specific Policies,https://ahca.myflorida.com/medicaid/rules/adopted-rules-service-specific-policies.html,policy_service_specific
59G-4.160_Outpatient_Coverage_Policy_2019.pdf,Outpatient Hospital Services,https://ahca.myflorida.com/content/download/5950/file/59G-4.160_Outpatient_Coverage_Policy_2019.pdf,pdf,2019,59G-4.160,Adopted Rules – Service Specific Policies,https://ahca.myflorida.com/medicaid/rules/adopted-rules-service-specific-policies.html,policy_service_specific
59G-4.170_ICF_Coverage_Policy_2022_Final.pdf,Intermediate Care Facility for Individuals with Intellectual Disabilities Services,https://ahca.myflorida.com/content/download/20781/file/59G-4.170_ICF_Coverage_Policy_2022_Final.pdf,pdf,2022,59G-4.170,Adopted Rules – Service Specific Policies,https://ahca.myflorida.com/medicaid/rules/adopted-rules-service-specific-policies.html,policy_service_specific
59G-4.180_ICS.pdf,Intermediate Care Services,https://ahca.myflorida.com/content/download/5951/file/59G-4.180_ICS.pdf,pdf,,59G-4.180,Adopted Rules – Service Specific Policies,https://ahca.myflorida.com/medicaid/rules/adopted-rules-service-specific-policies.html,policy_service_specific
59G-4.192_LTC_Program_Policy.pdf,Statewide Medicaid Managed Care Long-term Care Program,https://ahca.myflorida.com/content/download/5952/file/59G-4.192_LTC_Program_Policy.pdf,pdf,,59G-4.192,Adopted Rules – Service Specific Policies,https://ahca.myflorida.com/medicaid/rules/adopted-rules-service-specific-policies.html,policy_service_specific
59G-4.193_SMMC-LTC-Waiver_Prioritization_Enrollment.pdf,Statewide Medicaid Managed Care Long-term Care Waiver Program Prioritization and Enrollment,https://ahca.myflorida.com/content/download/5953/file/59G-4.193_SMMC-LTC-Waiver_Prioritization_Enrollment.pdf,pdf,,59G-4.193,Adopted Rules – Service Specific Policies,https://ahca.myflorida.com/medicaid/rules/adopted-rules-service-specific-policies.html,policy_service_specific
59G-4.197_MFC_Coverage_Policy.pdf,Medical Foster Care,https://ahca.myflorida.com/content/download/5954/file/59G-4.197_MFC_Coverage_Policy.pdf,pdf,,59G-4.197,Adopted Rules – Service Specific Policies,https://ahca.myflorida.com/medicaid/rules/adopted-rules-service-specific-policies.html,policy_service_specific
59G-4.200.pdf,Nursing Facility Services,https://ahca.myflorida.com/content/download/27067/file/59G-4.200.pdf,pdf,,59G-4.200,Adopted Rules – Service Specific Policies,https://ahca.myflorida.com/medicaid/rules/adopted-rules-service-specific-policies.html,policy_service_specific
59G-4.201_Neurology_Services.pdf,Neurology Services,https://ahca.myflorida.com/content/download/5955/file/59G-4.201_Neurology_Services.pdf,pdf,,59G-4.201,Adopted Rules – Service Specific Policies,https://ahca.myflorida.com/medicaid/rules/adopted-rules-service-specific-policies.html,policy_service_specific
59G-4.207 OMF_Surgery_Services_Coverage_Policy -Adoption (1).pdf,Oral and Maxillofacial Services,https://ahca.myflorida.com/content/download/27069/file/59G-4.207%20OMF_Surgery_Services_Coverage_Policy%20-Adoption%20%281%29.pdf,pdf,,59G-4.207,Adopted Rules – Service Specific Policies,https://ahca.myflorida.com/medicaid/rules/adopted-rules-service-specific-policies.html,policy_service_specific
59G-4.210 Visual Care Services Coverage Policy (1).pdf,Visual Care Services,https://ahca.myflorida.com/content/download/27077/file/59G-4.210%20Visual%20Care%20Services%20Coverage%20Policy%20%281%29.pdf,pdf,,59G-4.210,Adopted Rules – Service Specific Policies,https://ahca.myflorida.com/medicaid/rules/adopted-rules-service-specific-policies.html,policy_service_specific
59G-4.211 Orthopedic Services Coverage Policy (1).pdf,Orthopedic Services,https://ahca.myflorida.com/content/download/27070/file/59G-4.211%20Orthopedic%20Services%20Coverage%20Policy%20%281%29.pdf,pdf,,59G-4.211,Adopted Rules – Service Specific Policies,https://ahca.myflorida.com/medicaid/rules/adopted-rules-service-specific-policies.html,policy_service_specific
59G-4.215 Personal Care Services Coverage Policy_Final_10.8.24.pdf,Personal Care Services,https://ahca.myflorida.com/content/download/25561/file/59G-4.215%20Personal%20Care%20Services%20Coverage%20Policy_Final_10.8.24.pdf,pdf,,59G-4.215,Adopted Rules – Service Specific Policies,https://ahca.myflorida.com/medicaid/rules/adopted-rules-service-specific-policies.html,policy_service_specific
59G-4.220 Podiatry Coverage Policy (1).pdf,Podiatry Services,https://ahca.myflorida.com/content/download/27072/file/59G-4.220%20Podiatry%20Coverage%20Policy%20%281%29.pdf,pdf,,59G-4.220,Adopted Rules – Service Specific Policies,https://ahca.myflorida.com/medicaid/rules/adopted-rules-service-specific-policies.html,policy_service_specific
59G-4.222 Pain_Management_Services_Coverage_Policy (1).pdf,Pain Management Services,https://ahca.myflorida.com/content/download/27071/file/59G-4.222%20Pain_Management_Services_Coverage_Policy%20%281%29.pdf,pdf,,59G-4.222,Adopted Rules – Service Specific Policies,https://ahca.myflorida.com/medicaid/rules/adopted-rules-service-specific-policies.html,policy_service_specific
59G-4.235 Respiratory Therapy Services.pdf,Respiratory System Services,https://ahca.myflorida.com/content/download/27088/file/59G-4.235%20Respiratory%20Therapy%20Services.pdf,pdf,,59G-4.235,Adopted Rules – Service Specific Policies,https://ahca.myflorida.com/medicaid/rules/adopted-rules-service-specific-policies.html,policy_service_specific
59G-4.240_Radiology_and_Nuclear_Medicine_Coverage_Policy_2019.pdf,Radiology and Nuclear Medicine Services,https://ahca.myflorida.com/content/download/5956/file/59G-4.240_Radiology_and_Nuclear_Medicine_Coverage_Policy_2019.pdf,pdf,2019,59G-4.240,Adopted Rules – Service Specific Policies,https://ahca.myflorida.com/medicaid/rules/adopted-rules-service-specific-policies.html,policy_service_specific
59G-4.250_Prescribed_Drug_Coverage_Policy.pdf,Prescribed Drug Services,https://ahca.myflorida.com/content/download/5957/file/59G-4.250_Prescribed_Drug_Coverage_Policy.pdf,pdf,,59G-4.250,Adopted Rules – Service Specific Policies,https://ahca.myflorida.com/medicaid/rules/adopted-rules-service-specific-policies.html,policy_service_specific
59G-4.252 Diabetic Supply Services Coverage Policy_FINAL.pdf,Diabetic Supply Services,https://ahca.myflorida.com/content/download/25105/file/59G-4.252%20Diabetic%20Supply%20Services%20Coverage%20Policy_FINAL.pdf,pdf,,59G-4.252,Adopted Rules – Service Specific Policies,https://ahca.myflorida.com/medicaid/rules/adopted-rules-service-specific-policies.html,policy_service_specific
59G-4.255_Prescrip_Drug_Denials.pdf,Prescription Drug Coverage Denials,https://ahca.myflorida.com/content/download/5958/file/59G-4.255_Prescrip_Drug_Denials.pdf,pdf,,59G-4.255,Adopted Rules – Service Specific Policies,https://ahca.myflorida.com/medicaid/rules/adopted-rules-service-specific-policies.html,policy_service_specific
59G-4.260_PPEC.pdf,Prescribed Pediatric Extended Care Services,https://ahca.myflorida.com/content/download/5959/file/59G-4.260_PPEC.pdf,pdf,,59G-4.260,Adopted Rules – Service Specific Policies,https://ahca.myflorida.com/medicaid/rules/adopted-rules-service-specific-policies.html,policy_service_specific
59G-4.264_RPICC_Services.pdf,Regional Perinatal Intensive Care Center Services,https://ahca.myflorida.com/content/download/5960/file/59G-4.264_RPICC_Services.pdf,pdf,,59G-4.264,Adopted Rules – Service Specific Policies,https://ahca.myflorida.com/medicaid/rules/adopted-rules-service-specific-policies.html,policy_service_specific
59G-4.266_Qual_Eval_Network.pdf,Qualified Evaluator Network,https://ahca.myflorida.com/content/download/5961/file/59G-4.266_Qual_Eval_Network.pdf,pdf,,59G-4.266,Adopted Rules – Service Specific Policies,https://ahca.myflorida.com/medicaid/rules/adopted-rules-service-specific-policies.html,policy_service_specific
59G-4.280_RHCs.pdf,Rural Health Clinic,https://ahca.myflorida.com/content/download/5962/file/59G-4.280_RHCs.pdf,pdf,,59G-4.280,Adopted Rules – Service Specific Policies,https://ahca.myflorida.com/medicaid/rules/adopted-rules-service-specific-policies.html,policy_service_specific
59G-4.290_Skilled_Services.pdf,Skilled Services,https://ahca.myflorida.com/content/download/5963/file/59G-4.290_Skilled_Services.pdf,pdf,,59G-4.290,Adopted Rules – Service Specific Policies,https://ahca.myflorida.com/medicaid/rules/adopted-rules-service-specific-policies.html,policy_service_specific
59G-4.295_Therapeutic_Group_Care_Services.pdf,Therapeutic Group Care Services,https://ahca.myflorida.com/content/download/5965/file/59G-4.295_Therapeutic_Group_Care_Services.pdf,pdf,,59G-4.295,Adopted Rules – Service Specific Policies,https://ahca.myflorida.com/medicaid/rules/adopted-rules-service-specific-policies.html,policy_service_specific
59G-4.300_State_Health_Plan.pdf,State Mental Health,https://ahca.myflorida.com/content/download/5966/file/59G-4.300_State_Health_Plan.pdf,pdf,,59G-4.300,Adopted Rules – Service Specific Policies,https://ahca.myflorida.com/medicaid/rules/adopted-rules-service-specific-policies.html,policy_service_specific
59G-4.310 TCM for Children at Risk of Abuse and Neglect_Adoption.pdf,Targeted Case Management for Children at Risk of Abuse and Neglect,https://ahca.myflorida.com/content/download/27075/file/59G-4.310%20TCM%20for%20Children%20at%20Risk%20of%20Abuse%20and%20Neglect_Adoption.pdf,pdf,,59G-4.310,Adopted Rules – Service Specific Policies,https://ahca.myflorida.com/medicaid/rules/adopted-rules-service-specific-policies.html,policy_service_specific
59G-4.330.pdf,Non-Emergency Transportation Services,https://ahca.myflorida.com/content/download/5967/file/59G-4.330.pdf,pdf,,59G-4.330,Adopted Rules – Service Specific Policies,https://ahca.myflorida.com/medicaid/rules/adopted-rules-service-specific-policies.html,policy_service_specific
59G-4.360_Transplant_Coverage_Policy.pdf,Transplant Services,https://ahca.myflorida.com/content/download/7039/file/59G-4.360_Transplant_Coverage_Policy.pdf,pdf,,59G-4.360,Adopted Rules – Service Specific Policies,https://ahca.myflorida.com/medicaid/rules/adopted-rules-service-specific-policies.html,policy_service_specific
59G-4.370.pdf,Behavioral Health Intervention Services,https://ahca.myflorida.com/content/download/5968/file/59G-4.370.pdf,pdf,,59G-4.370,Adopted Rules – Service Specific Policies,https://ahca.myflorida.com/medicaid/rules/adopted-rules-service-specific-policies.html,policy_service_specific
59G-8.700 CHS Targeted Case Management Coverage and Limitations Handbook_June 2012 (2).pdf,Child Health Services Targeted Case Management,https://ahca.myflorida.com/content/download/27080/file/59G-8.700%20CHS%20Targeted%20Case%20Management%20Coverage%20and%20Limitations%20Handbook_June%202012%20%282%29.pdf,pdf,2012,59G-8.700,Adopted Rules – Service Specific Policies,https://ahca.myflorida.com/medicaid/rules/adopted-rules-service-specific-policies.html,policy_service_specific
59G_4-132_RT.pdf,Home Health Electronic Visit Verification Program,https://ahca.myflorida.com/content/download/7041/file/59G_4-132_RT.pdf,pdf,,,Adopted Rules – Service Specific Policies,https://ahca.myflorida.com/medicaid/rules/adopted-rules-service-specific-policies.html,policy_service_specific
59G_4-318_Occupational_Therapy_Services.pdf,Occupational Therapy Services,https://ahca.myflorida.com/content/download/7042/file/59G_4-318_Occupational_Therapy_Services.pdf,pdf,,,Adopted Rules – Service Specific Policies,https://ahca.myflorida.com/medicaid/rules/adopted-rules-service-specific-policies.html,policy_service_specific
59G_4-320_Physical_Therapy_Services.pdf,Physical Therapy Services,https://ahca.myflorida.com/content/download/7043/file/59G_4-320_Physical_Therapy_Services.pdf,pdf,,,Adopted Rules – Service Specific Policies,https://ahca.myflorida.com/medicaid/rules/adopted-rules-service-specific-policies.html,policy_service_specific
59G_4-322_Respiratory_Therapy_Services.pdf,Respiratory Therapy Services,https://ahca.myflorida.com/content/download/5970/file/59G_4-322_Respiratory_Therapy_Services.pdf,pdf,,,Adopted Rules – Service Specific Policies,https://ahca.myflorida.com/medicaid/rules/adopted-rules-service-specific-policies.html,policy_service_specific
59G_4-324_Speech_Language_Therapy_Services.pdf,Speech-Language Pathology Services,https://ahca.myflorida.com/content/download/7044/file/59G_4-324_Speech_Language_Therapy_Services.pdf,pdf,,,Adopted Rules – Service Specific Policies,https://ahca.myflorida.com/medicaid/rules/adopted-rules-service-specific-policies.html,policy_service_specific
59G_8.600_Final_Rule_Text_2_15_21.pdf,Disenrollment from Managed Care Plans,https://ahca.myflorida.com/content/download/5932/file/59G_8.600_Final_Rule_Text_2_15_21.pdf,pdf,,,Adopted Rules – Service Specific Policies,https://ahca.myflorida.com/medicaid/rules/adopted-rules-service-specific-policies.html,policy_service_specific
Certified_School_MatchHB.pdf,Medicaid Certified School Match Program,https://ahca.myflorida.com/content/download/7047/file/Certified_School_MatchHB.pdf,pdf,,,Adopted Rules – Service Specific Policies,https://ahca.myflorida.com/medicaid/rules/adopted-rules-service-specific-policies.html,policy_service_specific
CL_07_070601_MH_Case_Mgmt_ver2_2.pdf,Mental Health Targeted Case Management,https://ahca.myflorida.com/content/download/7045/file/CL_07_070601_MH_Case_Mgmt_ver2_2.pdf,pdf,,,Adopted Rules – Service Specific Policies,https://ahca.myflorida.com/medicaid/rules/adopted-rules-service-specific-policies.html,policy_service_specific
Developmental Disabilities Individual Budgeting Waiver Services Provider Rate Table October 1 2025.pdf,Developmental Disabilities Individual Budgeting Waiver Services Provider Rate Table,https://ahca.myflorida.com/content/download/28707/file/Developmental%20Disabilities%20Individual%20Budgeting%20Waiver%20Services%20Provider%20Rate%20Table%20October%201%202025.pdf,pdf,"October 1, 2025",,Adopted Rules – Service Specific Policies,https://ahca.myflorida.com/medicaid/rules/adopted-rules-service-specific-policies.html,policy_service_specific
Florida Medicaid Behavior Analysis Services Coverage Policy.pdf,Behavior Analysis Services,https://ahca.myflorida.com/content/download/25728/file/Florida%20Medicaid%20Behavior%20Analysis%20Services%20Coverage%20Policy.pdf,pdf,,,Adopted Rules – Service Specific Policies,https://ahca.myflorida.com/medicaid/rules/adopted-rules-service-specific-policies.html,policy_service_specific
Florida Medicaid Dialysis Services Coverage Policy.pdf,Dialysis Services,https://ahca.myflorida.com/content/download/26881/file/Florida%20Medicaid%20Dialysis%20Services%20Coverage%20Policy.pdf,pdf,,,Adopted Rules – Service Specific Policies,https://ahca.myflorida.com/medicaid/rules/adopted-rules-service-specific-policies.html,policy_service_specific
Florida Medicaid Laboratory Services Coverage Policy.pdf,Laboratory Services,https://ahca.myflorida.com/content/download/24380/file/Florida%20Medicaid%20Laboratory%20Services%20Coverage%20Policy.pdf,pdf,,,Adopted Rules – Service Specific Policies,https://ahca.myflorida.com/medicaid/rules/adopted-rules-service-specific-policies.html,policy_service_specific
Florida Medicaid Qualified Residential Treatment Progam Services Coverage Policy May 2025.pdf,Qualified Residential Treatment Program Services,https://ahca.myflorida.com/content/download/26699/file/Florida%20Medicaid%20Qualified%20Residential%20Treatment%20Progam%20Services%20Coverage%20Policy%20May%202025.pdf,pdf,2025,,Adopted Rules – Service Specific Policies,https://ahca.myflorida.com/medicaid/rules/adopted-rules-service-specific-policies.html,policy_service_specific
Private_Duty_Nursing_Services_February2026.pdf,Private Duty Nursing and Family Home Health Aide Services,https://ahca.myflorida.com//file/medicaid/Private_Duty_Nursing_Services_February2026.pdf,pdf,,,Adopted Rules – Service Specific Policies,https://ahca.myflorida.com/medicaid/rules/adopted-rules-service-specific-policies.html,policy_service_specific
Specialized Therapeutic Services Coverage and Limitations Handbook_ from tb on 5.21.25.pdf,Specialized Therapeutic Services Coverage and Limitations Handbook,https://ahca.myflorida.com/content/download/26529/file/Specialized%20Therapeutic%20Services%20Coverage%20and%20Limitations%20Handbook_%20from%20tb%20on%205.21.25.pdf,pdf,,,Adopted Rules – Service Specific Policies,https://ahca.myflorida.com/medicaid/rules/adopted-rules-service-specific-policies.html,policy_service_specific
