filename,link_text,url,format,effective,rule_number,source_page,source_page_url,rate_class,corpus,bh_direct,bh_crosscut
Florida Medicaid Case Management Services Coverage Policy.pdf,Draft Policy,https://ahca.myflorida.com/content/download/28557/file/Florida%20Medicaid%20Case%20Management%20Services%20Coverage%20Policy.pdf,pdf,,,Rules in Process,https://ahca.myflorida.com/medicaid/rules/rules-in-process.html,policy_in_process,policy,Y,
Developmental Disabilities Individual Budgeting Waiver Services Provider Rate Table.xlsx,Developmental Disabilities Individual Budgeting Waiver Services Provider Rate Table,https://ahca.myflorida.com/file/medicaid/Developmental%20Disabilities%20Individual%20Budgeting%20Waiver%20Services%20Provider%20Rate%20Table.xlsx,xlsx,,,Adopted Rules – Reimbursement Policies,https://ahca.myflorida.com/medicaid/rules/adopted-rules-reimbursement-policies.html,policy_reimbursement,policy,Y,
5000-3511_final.pdf,Authorization For Comprehensive Behavioral Health Assessment,https://ahca.myflorida.com/content/download/6966/file/5000-3511_final.pdf,pdf,,,Adopted Rules,https://ahca.myflorida.com/medicaid/rules/adopted-rules.html,policy_rule,policy,Y,
5000-3512_final.pdf,Comprehensive Behavioral Health Assessment Agency and Practitioner Self-Certification,https://ahca.myflorida.com/content/download/6967/file/5000-3512_final.pdf,pdf,,,Adopted Rules,https://ahca.myflorida.com/medicaid/rules/adopted-rules.html,policy_rule,policy,Y,
5000-3513_final.pdf,Specialized Therapeutic Foster Care Provider Agency Self-Certification,https://ahca.myflorida.com/content/download/6968/file/5000-3513_final.pdf,pdf,,,Adopted Rules,https://ahca.myflorida.com/medicaid/rules/adopted-rules.html,policy_rule,policy,Y,
5000-3514_final.pdf,Authorization for Specialized Therapeutic Foster Care,https://ahca.myflorida.com/content/download/6969/file/5000-3514_final.pdf,pdf,,,Adopted Rules,https://ahca.myflorida.com/medicaid/rules/adopted-rules.html,policy_rule,policy,Y,
5000-3515_final.pdf,Authorization for Crisis Intervention,https://ahca.myflorida.com/content/download/6970/file/5000-3515_final.pdf,pdf,,,Adopted Rules,https://ahca.myflorida.com/medicaid/rules/adopted-rules.html,policy_rule,policy,Y,
5000-3519_final.pdf,Provider Agency Acknowledgement for Therapeutic Group Care,https://ahca.myflorida.com/content/download/6971/file/5000-3519_final.pdf,pdf,,,Adopted Rules,https://ahca.myflorida.com/medicaid/rules/adopted-rules.html,policy_rule,policy,Y,
5000-3521_final.pdf,Authorization for Therapeutic Group Care Services,https://ahca.myflorida.com/content/download/6972/file/5000-3521_final.pdf,pdf,,,Adopted Rules,https://ahca.myflorida.com/medicaid/rules/adopted-rules.html,policy_rule,policy,Y,
AHCA MedServ Form 022 April 2024 Final.pdf,Agency Certification Children's Mental Health Targeted Case Management,https://ahca.myflorida.com/content/download/28714/file/AHCA%20MedServ%20Form%20022%20April%202024%20Final.pdf,pdf,2024,,Adopted Rules,https://ahca.myflorida.com/medicaid/rules/adopted-rules.html,policy_rule,policy,Y,
AHCA MedServ Form 023 April 2024 Final.pdf,Agency Certification Adult Mental Health Targeted Case Management,https://ahca.myflorida.com/content/download/28715/file/AHCA%20MedServ%20Form%20023%20April%202024%20Final.pdf,pdf,2024,,Adopted Rules,https://ahca.myflorida.com/medicaid/rules/adopted-rules.html,policy_rule,policy,Y,
AHCA MedServ Form 024 April 2024 Final.pdf,Agency Certification Intensive Case Management Team Services Adult Mental Health Targeted Case Management,https://ahca.myflorida.com/content/download/28716/file/AHCA%20MedServ%20Form%20024%20April%202024%20Final.pdf,pdf,2024,,Adopted Rules,https://ahca.myflorida.com/medicaid/rules/adopted-rules.html,policy_rule,policy,Y,
Appendix_B_Agency_Cert_Children_MHTCM.pdf,Agency Certification Children’s Mental Health Targeted Case Management,https://ahca.myflorida.com/content/download/6975/file/Appendix_B_Agency_Cert_Children_MHTCM.pdf,pdf,,,Adopted Rules,https://ahca.myflorida.com/medicaid/rules/adopted-rules.html,policy_rule,policy,Y,
Appendix_C_Agency_Cert_Adult_MHTCM.pdf,Agency Certification Adult Mental Health Targeted Case Management,https://ahca.myflorida.com/content/download/6976/file/Appendix_C_Agency_Cert_Adult_MHTCM.pdf,pdf,,,Adopted Rules,https://ahca.myflorida.com/medicaid/rules/adopted-rules.html,policy_rule,policy,Y,
Appendix_D_Agency_Cert_Intensive_Adult_MHTCM.pdf,Agency Certification Intensive Case Management Team Services Adult Mental Health Targeted Case Management,https://ahca.myflorida.com/content/download/6977/file/Appendix_D_Agency_Cert_Intensive_Adult_MHTCM.pdf,pdf,,,Adopted Rules,https://ahca.myflorida.com/medicaid/rules/adopted-rules.html,policy_rule,policy,Y,
Appendix_E_CM_Sup_Cert_Children_MHTCM.pdf,Case Management Supervisor Certification Children’s Mental Health Targeted Case Management,https://ahca.myflorida.com/content/download/6978/file/Appendix_E_CM_Sup_Cert_Children_MHTCM.pdf,pdf,,,Adopted Rules,https://ahca.myflorida.com/medicaid/rules/adopted-rules.html,policy_rule,policy,Y,
Appendix_F_CM_Sup_Cert_Adult_MHTCM.pdf,Case Management Supervisor Certification Adult Mental Health Targeted Case Management,https://ahca.myflorida.com/content/download/6979/file/Appendix_F_CM_Sup_Cert_Adult_MHTCM.pdf,pdf,,,Adopted Rules,https://ahca.myflorida.com/medicaid/rules/adopted-rules.html,policy_rule,policy,Y,
Appendix_G_CM_Cert_Children_MHTCM.pdf,Case Manager Certification Children’s Mental Health Targeted Case Management,https://ahca.myflorida.com/content/download/6980/file/Appendix_G_CM_Cert_Children_MHTCM.pdf,pdf,,,Adopted Rules,https://ahca.myflorida.com/medicaid/rules/adopted-rules.html,policy_rule,policy,Y,
Appendix_H_CM_Cert_Adult_MHTCM.pdf,Case Manager Certification Adult Mental Health Targeted Case Management,https://ahca.myflorida.com/content/download/6981/file/Appendix_H_CM_Cert_Adult_MHTCM.pdf,pdf,,,Adopted Rules,https://ahca.myflorida.com/medicaid/rules/adopted-rules.html,policy_rule,policy,Y,
Appendix_I_Children_Cert_MHTCM.pdf,Children’s Certification Children’s Mental Health Targeted Case Management,https://ahca.myflorida.com/content/download/6982/file/Appendix_I_Children_Cert_MHTCM.pdf,pdf,,,Adopted Rules,https://ahca.myflorida.com/medicaid/rules/adopted-rules.html,policy_rule,policy,Y,
Appendix_J_Adult_Cert_MHTCM.pdf,Adult Certification Adult Mental Health Targeted Case Management,https://ahca.myflorida.com/content/download/6983/file/Appendix_J_Adult_Cert_MHTCM.pdf,pdf,,,Adopted Rules,https://ahca.myflorida.com/medicaid/rules/adopted-rules.html,policy_rule,policy,Y,
Appendix_K_Adult_Cert_Int_CM_Adult_MHTCM.pdf,Adult Certification Intensive Case Management Team Services Adult Mental Health Targeted Case Management,https://ahca.myflorida.com/content/download/6984/file/Appendix_K_Adult_Cert_Int_CM_Adult_MHTCM.pdf,pdf,,,Adopted Rules,https://ahca.myflorida.com/medicaid/rules/adopted-rules.html,policy_rule,policy,Y,
Appendix_L_Med_30-day_Cert_MHTCM.pdf,Medicaid 30-Day Certification For Children’s Or Adult Mental Health Targeted Case Management,https://ahca.myflorida.com/content/download/6985/file/Appendix_L_Med_30-day_Cert_MHTCM.pdf,pdf,,,Adopted Rules,https://ahca.myflorida.com/medicaid/rules/adopted-rules.html,policy_rule,policy,Y,
PAC_Case_Management_Agency_Transfer_Request.pdf,PAC Case Management Agency Transfer Request,https://ahca.myflorida.com/content/download/6993/file/PAC_Case_Management_Agency_Transfer_Request.pdf,pdf,,,Adopted Rules,https://ahca.myflorida.com/medicaid/rules/adopted-rules.html,policy_rule,policy,Y,
PAC_Waiver_Case_Management_and_Comprehensive_Needs_Assessment_Protocol.pdf,PAC Waiver Case Management and Comprehensive Needs Assessment Protocol,https://ahca.myflorida.com/content/download/6996/file/PAC_Waiver_Case_Management_and_Comprehensive_Needs_Assessment_Protocol.pdf,pdf,,,Adopted Rules,https://ahca.myflorida.com/medicaid/rules/adopted-rules.html,policy_rule,policy,Y,
PAC_Waiver_Level_of_Need_Assessment_Case_Mangement_Tool.pdf,PAC Waiver Level of Need Assessment Case Management Tool,https://ahca.myflorida.com/content/download/6998/file/PAC_Waiver_Level_of_Need_Assessment_Case_Mangement_Tool.pdf,pdf,,,Adopted Rules,https://ahca.myflorida.com/medicaid/rules/adopted-rules.html,policy_rule,policy,Y,
59G-13.070_DD_iBudget_Waiver_Services_2023rev.pdf,Developmental Disabilities Individual Budgeting Waiver Services,https://ahca.myflorida.com/content/download/5933/file/59G-13.070_DD_iBudget_Waiver_Services_2023rev.pdf,pdf,,59G-13.070,Adopted Rules – Service Specific Policies,https://ahca.myflorida.com/medicaid/rules/adopted-rules-service-specific-policies.html,policy_service_specific,policy,Y,
59G-4.027 Behavioral Health Overlay Services Coverage and Limitations Handbook_Adoption.pdf,Behavioral Health Overlay Services,https://ahca.myflorida.com/content/download/27060/file/59G-4.027%20Behavioral%20Health%20Overlay%20Services%20Coverage%20and%20Limitations%20Handbook_Adoption.pdf,pdf,,59G-4.027,Adopted Rules – Service Specific Policies,https://ahca.myflorida.com/medicaid/rules/adopted-rules-service-specific-policies.html,policy_service_specific,policy,Y,
59G-4.028.pdf,Behavioral Health Assessment Services,https://ahca.myflorida.com/content/download/5937/file/59G-4.028.pdf,pdf,,59G-4.028,Adopted Rules – Service Specific Policies,https://ahca.myflorida.com/medicaid/rules/adopted-rules-service-specific-policies.html,policy_service_specific,policy,Y,
59G-4.029.pdf,Behavioral Health Medication Management Services,https://ahca.myflorida.com/content/download/5938/file/59G-4.029.pdf,pdf,,59G-4.029,Adopted Rules – Service Specific Policies,https://ahca.myflorida.com/medicaid/rules/adopted-rules-service-specific-policies.html,policy_service_specific,policy,Y,
59G-4.031.pdf,Behavioral Health Community Support Services,https://ahca.myflorida.com/content/download/5939/file/59G-4.031.pdf,pdf,,59G-4.031,Adopted Rules – Service Specific Policies,https://ahca.myflorida.com/medicaid/rules/adopted-rules-service-specific-policies.html,policy_service_specific,policy,Y,
59G-4.052.pdf,Behavioral Health Therapy Services,https://ahca.myflorida.com/content/download/5942/file/59G-4.052.pdf,pdf,,59G-4.052,Adopted Rules – Service Specific Policies,https://ahca.myflorida.com/medicaid/rules/adopted-rules-service-specific-policies.html,policy_service_specific,policy,Y,
59G-4.120 SIPP_Coverage_Policy_Adoption1 (1).pdf,Statewide Inpatient Psychiatric Program,https://ahca.myflorida.com/content/download/27074/file/59G-4.120%20SIPP_Coverage_Policy_Adoption1%20%281%29.pdf,pdf,,59G-4.120,Adopted Rules – Service Specific Policies,https://ahca.myflorida.com/medicaid/rules/adopted-rules-service-specific-policies.html,policy_service_specific,policy,Y,
59G-4.127 Florida Assertive Community Treatment Services_December 2023.pdf,Florida Assertive Community Treatment Services,https://ahca.myflorida.com/content/download/23793/file/59G-4.127%20Florida%20Assertive%20Community%20Treatment%20Services_December%202023.pdf,pdf,2023,59G-4.127,Adopted Rules – Service Specific Policies,https://ahca.myflorida.com/medicaid/rules/adopted-rules-service-specific-policies.html,policy_service_specific,policy,Y,
59G-4.295_Therapeutic_Group_Care_Services.pdf,Therapeutic Group Care Services,https://ahca.myflorida.com/content/download/5965/file/59G-4.295_Therapeutic_Group_Care_Services.pdf,pdf,,59G-4.295,Adopted Rules – Service Specific Policies,https://ahca.myflorida.com/medicaid/rules/adopted-rules-service-specific-policies.html,policy_service_specific,policy,Y,
59G-4.300_State_Health_Plan.pdf,State Mental Health,https://ahca.myflorida.com/content/download/5966/file/59G-4.300_State_Health_Plan.pdf,pdf,,59G-4.300,Adopted Rules – Service Specific Policies,https://ahca.myflorida.com/medicaid/rules/adopted-rules-service-specific-policies.html,policy_service_specific,policy,Y,
59G-4.310 TCM for Children at Risk of Abuse and Neglect_Adoption.pdf,Targeted Case Management for Children at Risk of Abuse and Neglect,https://ahca.myflorida.com/content/download/27075/file/59G-4.310%20TCM%20for%20Children%20at%20Risk%20of%20Abuse%20and%20Neglect_Adoption.pdf,pdf,,59G-4.310,Adopted Rules – Service Specific Policies,https://ahca.myflorida.com/medicaid/rules/adopted-rules-service-specific-policies.html,policy_service_specific,policy,Y,
59G-4.370.pdf,Behavioral Health Intervention Services,https://ahca.myflorida.com/content/download/5968/file/59G-4.370.pdf,pdf,,59G-4.370,Adopted Rules – Service Specific Policies,https://ahca.myflorida.com/medicaid/rules/adopted-rules-service-specific-policies.html,policy_service_specific,policy,Y,
59G-8.700 CHS Targeted Case Management Coverage and Limitations Handbook_June 2012 (2).pdf,Child Health Services Targeted Case Management,https://ahca.myflorida.com/content/download/27080/file/59G-8.700%20CHS%20Targeted%20Case%20Management%20Coverage%20and%20Limitations%20Handbook_June%202012%20%282%29.pdf,pdf,2012,59G-8.700,Adopted Rules – Service Specific Policies,https://ahca.myflorida.com/medicaid/rules/adopted-rules-service-specific-policies.html,policy_service_specific,policy,Y,
CL_07_070601_MH_Case_Mgmt_ver2_2.pdf,Mental Health Targeted Case Management,https://ahca.myflorida.com/content/download/7045/file/CL_07_070601_MH_Case_Mgmt_ver2_2.pdf,pdf,,,Adopted Rules – Service Specific Policies,https://ahca.myflorida.com/medicaid/rules/adopted-rules-service-specific-policies.html,policy_service_specific,policy,Y,
Developmental Disabilities Individual Budgeting Waiver Services Provider Rate Table October 1 2025.pdf,Developmental Disabilities Individual Budgeting Waiver Services Provider Rate Table,https://ahca.myflorida.com/content/download/28707/file/Developmental%20Disabilities%20Individual%20Budgeting%20Waiver%20Services%20Provider%20Rate%20Table%20October%201%202025.pdf,pdf,"October 1, 2025",,Adopted Rules – Service Specific Policies,https://ahca.myflorida.com/medicaid/rules/adopted-rules-service-specific-policies.html,policy_service_specific,policy,Y,
Florida Medicaid Behavior Analysis Services Coverage Policy.pdf,Behavior Analysis Services,https://ahca.myflorida.com/content/download/25728/file/Florida%20Medicaid%20Behavior%20Analysis%20Services%20Coverage%20Policy.pdf,pdf,,,Adopted Rules – Service Specific Policies,https://ahca.myflorida.com/medicaid/rules/adopted-rules-service-specific-policies.html,policy_service_specific,policy,Y,
Florida Medicaid Qualified Residential Treatment Progam Services Coverage Policy May 2025.pdf,Qualified Residential Treatment Program Services,https://ahca.myflorida.com/content/download/26699/file/Florida%20Medicaid%20Qualified%20Residential%20Treatment%20Progam%20Services%20Coverage%20Policy%20May%202025.pdf,pdf,2025,,Adopted Rules – Service Specific Policies,https://ahca.myflorida.com/medicaid/rules/adopted-rules-service-specific-policies.html,policy_service_specific,policy,Y,
Specialized Therapeutic Services Coverage and Limitations Handbook_ from tb on 5.21.25.pdf,Specialized Therapeutic Services Coverage and Limitations Handbook,https://ahca.myflorida.com/content/download/26529/file/Specialized%20Therapeutic%20Services%20Coverage%20and%20Limitations%20Handbook_%20from%20tb%20on%205.21.25.pdf,pdf,,,Adopted Rules – Service Specific Policies,https://ahca.myflorida.com/medicaid/rules/adopted-rules-service-specific-policies.html,policy_service_specific,policy,Y,
2024 Supplemental Payment Submission Forms-Max Entries.xls,Supplemental Payment Submission Forms-Max Entries,https://ahca.myflorida.com/content/download/5728/file/2024%20Supplemental%20Payment%20Submission%20Forms-Max%20Entries.xls,xls,2024,,FQHC/RHC Rates,https://ahca.myflorida.com/medicaid/cost-reimbursement/fqhc-rhc-rates-html.html,cost_reimbursement,rates,Y,
2024 Supplemental Payment Submission Forms-Min Entries.xls,Supplemental Payment Submission Forms-Min Entries,https://ahca.myflorida.com/content/download/5729/file/2024%20Supplemental%20Payment%20Submission%20Forms-Min%20Entries.xls,xls,2024,,FQHC/RHC Rates,https://ahca.myflorida.com/medicaid/cost-reimbursement/fqhc-rhc-rates-html.html,cost_reimbursement,rates,Y,
AIDS_SUPPLEMENTAL_PAYMENT_AUTHORIZATION_FORM.doc,AIDS Supplemental Payment Authorization Form,https://ahca.myflorida.com/content/download/5387/file/AIDS_SUPPLEMENTAL_PAYMENT_AUTHORIZATION_FORM.doc,doc,,,Nursing Home Supplemental Payments,https://ahca.myflorida.com/medicaid/cost-reimbursement/nursing-home-supplemental-payments-html.html,cost_reimbursement,rates,Y,
icf_dd_public_v8.pdf,Florida Title XIX Intermediate Care Facility for the Mentally Retarded and Developmentally Disabled for Publicly Owned and Operated Facilities Version VIII,https://ahca.myflorida.com/content/download/5577/file/icf_dd_public_v8.pdf,pdf,,,Intermediate Care Facility Rates,https://ahca.myflorida.com/medicaid/cost-reimbursement/intermediate-care-facility-rates-html.html,cost_reimbursement,rates,Y,
2025 Behavior Analysis Fee Schedule.pdf,Promulgated Fee Schedule,https://ahca.myflorida.com/content/download/26138/file/2025%20Behavior%20Analysis%20Fee%20Schedule.pdf,pdf,2025,,Rule 59G-4.002 Provider Reimbursement Schedules and Billing Codes,https://ahca.myflorida.com/medicaid/rules/rule-59g-4.002-provider-reimbursement-schedules-and-billing-codes.html,fee_schedule,rates,Y,
2025 Behavioral Health Overlay Services Fee.Schedule.pdf,Promulgated Fee Schedule,https://ahca.myflorida.com/content/download/26141/file/2025%20Behavioral%20Health%20Overlay%20Services%20Fee.Schedule.pdf,pdf,2025,,Rule 59G-4.002 Provider Reimbursement Schedules and Billing Codes,https://ahca.myflorida.com/medicaid/rules/rule-59g-4.002-provider-reimbursement-schedules-and-billing-codes.html,fee_schedule,rates,Y,
2025 CHB Fee Schedule.xlsx,Promulgated XLS,https://ahca.myflorida.com/content/download/26144/file/2025%20CHB%20Fee%20Schedule.xlsx,xlsx,2025,,Rule 59G-4.002 Provider Reimbursement Schedules and Billing Codes,https://ahca.myflorida.com/medicaid/rules/rule-59g-4.002-provider-reimbursement-schedules-and-billing-codes.html,fee_schedule,rates,Y,
2025 Community Behavoir Health Fee Schedule.pdf,Promulgated Fee Schedule,https://ahca.myflorida.com/content/download/26145/file/2025%20Community%20Behavoir%20Health%20Fee%20Schedule.pdf,pdf,2025,,Rule 59G-4.002 Provider Reimbursement Schedules and Billing Codes,https://ahca.myflorida.com/medicaid/rules/rule-59g-4.002-provider-reimbursement-schedules-and-billing-codes.html,fee_schedule,rates,Y,
2025 Community-Based Substance Abuse County Match Fee Schedule.pdf,Promulgated Fee Schedule,https://ahca.myflorida.com/content/download/26146/file/2025%20Community-Based%20Substance%20Abuse%20County%20Match%20Fee%20Schedule.pdf,pdf,2025,,Rule 59G-4.002 Provider Reimbursement Schedules and Billing Codes,https://ahca.myflorida.com/medicaid/rules/rule-59g-4.002-provider-reimbursement-schedules-and-billing-codes.html,fee_schedule,rates,Y,
2025 SIPP Billing Codes.pdf,Promulgated Billing Code,https://ahca.myflorida.com/content/download/26191/file/2025%20SIPP%20Billing%20Codes.pdf,pdf,2025,,Rule 59G-4.002 Provider Reimbursement Schedules and Billing Codes,https://ahca.myflorida.com/medicaid/rules/rule-59g-4.002-provider-reimbursement-schedules-and-billing-codes.html,fee_schedule,rates,Y,
2025 Targeted Case Management Fee Schedule.pdf,Promulgated Fee Schedule,https://ahca.myflorida.com/content/download/26184/file/2025%20Targeted%20Case%20Management%20Fee%20Schedule.pdf,pdf,2025,,Rule 59G-4.002 Provider Reimbursement Schedules and Billing Codes,https://ahca.myflorida.com/medicaid/rules/rule-59g-4.002-provider-reimbursement-schedules-and-billing-codes.html,fee_schedule,rates,Y,
2026 BA Fee Schedule.pdf,Updated Fee Schedule,https://ahca.myflorida.com/content/download/28096/file/2026%20BA%20Fee%20Schedule.pdf,pdf,2026,,Rule 59G-4.002 Provider Reimbursement Schedules and Billing Codes,https://ahca.myflorida.com/medicaid/rules/rule-59g-4.002-provider-reimbursement-schedules-and-billing-codes.html,fee_schedule,rates,Y,
2026 BHOS Fee Schedule.pdf,Updated Fee Schedule,https://ahca.myflorida.com/content/download/28097/file/2026%20BHOS%20Fee%20Schedule.pdf,pdf,2026,,Rule 59G-4.002 Provider Reimbursement Schedules and Billing Codes,https://ahca.myflorida.com/medicaid/rules/rule-59g-4.002-provider-reimbursement-schedules-and-billing-codes.html,fee_schedule,rates,Y,
2026 CBH Fee Schedule.pdf,Updated Fee Schedule,https://ahca.myflorida.com/content/download/28099/file/2026%20CBH%20Fee%20Schedule.pdf,pdf,2026,,Rule 59G-4.002 Provider Reimbursement Schedules and Billing Codes,https://ahca.myflorida.com/medicaid/rules/rule-59g-4.002-provider-reimbursement-schedules-and-billing-codes.html,fee_schedule,rates,Y,
2026 SIPP Billing Codes.pdf,Updated Billing Code,https://ahca.myflorida.com/content/download/28147/file/2026%20SIPP%20Billing%20Codes.pdf,pdf,2026,,Rule 59G-4.002 Provider Reimbursement Schedules and Billing Codes,https://ahca.myflorida.com/medicaid/rules/rule-59g-4.002-provider-reimbursement-schedules-and-billing-codes.html,fee_schedule,rates,Y,
2026 TCM Fee Schedule.pdf,Updated Fee Schedule,https://ahca.myflorida.com/content/download/28150/file/2026%20TCM%20Fee%20Schedule.pdf,pdf,2026,,Rule 59G-4.002 Provider Reimbursement Schedules and Billing Codes,https://ahca.myflorida.com/medicaid/rules/rule-59g-4.002-provider-reimbursement-schedules-and-billing-codes.html,fee_schedule,rates,Y,
"Specialized Therapeutic Services - July 8, 2025.pdf",Promulgated Fee Schedule,https://ahca.myflorida.com/content/download/26825/file/Specialized%20Therapeutic%20Services%20-%20July%208%2C%202025.pdf,pdf,"July 8, 2025",,Rule 59G-4.002 Provider Reimbursement Schedules and Billing Codes,https://ahca.myflorida.com/medicaid/rules/rule-59g-4.002-provider-reimbursement-schedules-and-billing-codes.html,fee_schedule,rates,Y,
"Specialized Therapeutic Services Fee Schedule January 1, 2025.pdf",Promulgated Fee Schedule,https://ahca.myflorida.com/content/download/26182/file/Specialized%20Therapeutic%20Services%20Fee%20Schedule%20January%201%2C%202025.pdf,pdf,"January 1, 2025",,Rule 59G-4.002 Provider Reimbursement Schedules and Billing Codes,https://ahca.myflorida.com/medicaid/rules/rule-59g-4.002-provider-reimbursement-schedules-and-billing-codes.html,fee_schedule,rates,Y,
"TCM Fee Schedules - October 1, 2025.pdf",Promulgated Fee Schedule,https://ahca.myflorida.com/content/download/27195/file/TCM%20Fee%20Schedules%20-%20October%201%2C%202025.pdf,pdf,"October 1, 2025",,Rule 59G-4.002 Provider Reimbursement Schedules and Billing Codes,https://ahca.myflorida.com/medicaid/rules/rule-59g-4.002-provider-reimbursement-schedules-and-billing-codes.html,fee_schedule,rates,Y,
TCM.Fee.Schedules.10012025.pdf,Promulgated Fee Schedule,https://ahca.myflorida.com/content/download/27266/file/TCM.Fee.Schedules.10012025.pdf,pdf,10/01/2025,,Rule 59G-4.002 Provider Reimbursement Schedules and Billing Codes,https://ahca.myflorida.com/medicaid/rules/rule-59g-4.002-provider-reimbursement-schedules-and-billing-codes.html,fee_schedule,rates,Y,
TCM.Fee.Schedules.10012025.pdf,Promulgated Fee Schedule,https://ahca.myflorida.com/content/download/27265/file/TCM.Fee.Schedules.10012025.pdf,pdf,10/01/2025,,Rule 59G-4.002 Provider Reimbursement Schedules and Billing Codes,https://ahca.myflorida.com/medicaid/rules/rule-59g-4.002-provider-reimbursement-schedules-and-billing-codes.html,fee_schedule,rates,Y,
59G-1.010 Definitions Policy.pdf,Definitions,https://ahca.myflorida.com/content/download/24713/file/59G-1.010%20Definitions%20Policy.pdf,pdf,,59G-1.010,Adopted Rules – General Policies,https://ahca.myflorida.com/medicaid/rules/adopted-rules-general-policies.html,policy_general,policy,,Y
59G-1.050_General_Medicaid_Policy.pdf,General Medicaid Policy,https://ahca.myflorida.com/content/download/5921/file/59G-1.050_General_Medicaid_Policy.pdf,pdf,,59G-1.050,Adopted Rules – General Policies,https://ahca.myflorida.com/medicaid/rules/adopted-rules-general-policies.html,policy_general,policy,,Y
59G-1.058.pdf,Eligibility,https://ahca.myflorida.com/content/download/28292/file/59G-1.058.pdf,pdf,,59G-1.058,Adopted Rules – General Policies,https://ahca.myflorida.com/medicaid/rules/adopted-rules-general-policies.html,policy_general,policy,,Y
59G-1.100_Medicaid_Fair_Hearings.pdf,Florida Medicaid Fair Hearings,https://ahca.myflorida.com/content/download/5924/file/59G-1.100_Medicaid_Fair_Hearings.pdf,pdf,,59G-1.100,Adopted Rules – General Policies,https://ahca.myflorida.com/medicaid/rules/adopted-rules-general-policies.html,policy_general,policy,,Y
59G_1020_DEFINITION_COUNTY_OF_RESIDENCE.pdf,Definition of County of Residence,https://ahca.myflorida.com/content/download/7007/file/59G_1020_DEFINITION_COUNTY_OF_RESIDENCE.pdf,pdf,,,Adopted Rules – General Policies,https://ahca.myflorida.com/medicaid/rules/adopted-rules-general-policies.html,policy_general,policy,,Y
59G_1045_MEDICAID_FORMS.pdf,Medicaid Forms,https://ahca.myflorida.com/content/download/5928/file/59G_1045_MEDICAID_FORMS.pdf,pdf,,,Adopted Rules – General Policies,https://ahca.myflorida.com/medicaid/rules/adopted-rules-general-policies.html,policy_general,policy,,Y
59G_1052_TPL_Requirements.pdf,Third Party Liability Requirements,https://ahca.myflorida.com/content/download/5929/file/59G_1052_TPL_Requirements.pdf,pdf,,,Adopted Rules – General Policies,https://ahca.myflorida.com/medicaid/rules/adopted-rules-general-policies.html,policy_general,policy,,Y
59G_1057_TELEMEDICINE.pdf,Telemedicine,https://ahca.myflorida.com/content/download/7011/file/59G_1057_TELEMEDICINE.pdf,pdf,,,Adopted Rules – General Policies,https://ahca.myflorida.com/medicaid/rules/adopted-rules-general-policies.html,policy_general,policy,,Y
59G_7003_Medicaid_Third_Party_Liability_Responsibility_Notices.pdf,Medicaid Third Party Liability Responsibility and Notices,https://ahca.myflorida.com/content/download/5931/file/59G_7003_Medicaid_Third_Party_Liability_Responsibility_Notices.pdf,pdf,,,Adopted Rules – General Policies,https://ahca.myflorida.com/medicaid/rules/adopted-rules-general-policies.html,policy_general,policy,,Y
59G-1.001_Purpose.pdf,Purpose,https://ahca.myflorida.com/content/download/7019/file/59G-1.001_Purpose.pdf,pdf,,59G-1.001,Adopted Rules – Reimbursement Policies,https://ahca.myflorida.com/medicaid/rules/adopted-rules-reimbursement-policies.html,policy_reimbursement,policy,,Y
5000-3522_final_to_ss.pdf,Certification of Eligibility,https://ahca.myflorida.com/content/download/6973/file/5000-3522_final_to_ss.pdf,pdf,,,Adopted Rules,https://ahca.myflorida.com/medicaid/rules/adopted-rules.html,policy_rule,policy,,Y
hospice_nursing_home_log_template_6000.xlsx,Hospice Recipient Log Template,https://ahca.myflorida.com/content/download/6822/file/hospice_nursing_home_log_template_6000.xlsx,xlsx,,,Hospice Recipient Log Reporting,https://ahca.myflorida.com/medicaid/cost-reimbursement/hospice-recipient-log-reporting-html.html,cost_reimbursement,rates,,Y
