line_key,line_name,rule_ref,authority,payment_grain,scope,code_system,code,qualifier,qualifier_means,binding_role,source_definition,adjudicated,vernacular_aliases,do_not_alias_with
behavior_analysis,Behavior Analysis Services,,AHCA 59G rule,code_modifier,serve,,,,,,,,,
bh_assessment,Behavioral Health Assessment Services,59G-4.028,AHCA 59G rule,code_modifier,serve,hcpcs,H0001,HO,Masters degree level,rendered_as,"In-depth assessment, new patient, substance abuse",True,,
bh_assessment,Behavioral Health Assessment Services,59G-4.028,AHCA 59G rule,code_modifier,serve,hcpcs,H0001,TS,Follow-up service,rendered_as,"In-depth assessment, established patient, substance abuse",True,,
bh_assessment,Behavioral Health Assessment Services,59G-4.028,AHCA 59G rule,code_modifier,serve,hcpcs,H0031,HN,Bachelors degree level,rendered_as,"Bio-psychosocial Evaluation, mental health",True,,
bh_assessment,Behavioral Health Assessment Services,59G-4.028,AHCA 59G rule,code_modifier,serve,hcpcs,H0031,HO,Masters degree level,rendered_as,"In-depth assessment, new patient, mental health",True,,
bh_assessment,Behavioral Health Assessment Services,59G-4.028,AHCA 59G rule,code_modifier,serve,hcpcs,H0031,TS,Follow-up service,rendered_as,"In-depth assessment, established patient, mental health",True,,
bh_assessment,Behavioral Health Assessment Services,59G-4.028,AHCA 59G rule,code_modifier,serve,hcpcs,H2000,HO,Masters degree level,rendered_as,Psychiatric evaluation by a non- physician,True,,
bh_assessment,Behavioral Health Assessment Services,59G-4.028,AHCA 59G rule,code_modifier,serve,hcpcs,H2000,HP,Doctoral level,rendered_as,Psychiatric evaluation by a physician,True,,
bh_assessment,Behavioral Health Assessment Services,59G-4.028,AHCA 59G rule,code_modifier,serve,hcpcs,H2000,,,rendered_as,Psychiatric review of records,True,,
bh_assessment,Behavioral Health Assessment Services,59G-4.028,AHCA 59G rule,code_modifier,serve,hcpcs,H2010,HO,Masters degree level,rendered_as,Brief behavioral health status exam,True,,
bh_community_support,Behavioral Health Community Support Services,59G-4.031,AHCA 59G rule,code_modifier,serve,hcpcs,H0020,,,rendered_as,Medication-assisted treatment services,False,,
bh_community_support,Behavioral Health Community Support Services,59G-4.031,AHCA 59G rule,code_modifier,serve,hcpcs,H0047,,,rendered_as,"Behavioral health-related medical services: verbal interaction, substance abuse",False,,
bh_community_support,Behavioral Health Community Support Services,59G-4.031,AHCA 59G rule,code_modifier,serve,hcpcs,H0048,,,rendered_as,Behavioral health-related medical services: alcohol and other drug screening specimen,False,,
bh_community_support,Behavioral Health Community Support Services,59G-4.031,AHCA 59G rule,code_modifier,serve,hcpcs,H2010,HE,Mental health program,rendered_as,"Brief individual medical psychotherapy, mental health",False,,
bh_community_support,Behavioral Health Community Support Services,59G-4.031,AHCA 59G rule,code_modifier,serve,hcpcs,H2010,HF,Substance abuse program,rendered_as,"Brief individual medical psychotherapy, substance abuse",False,,
bh_community_support,Behavioral Health Community Support Services,59G-4.031,AHCA 59G rule,code_modifier,serve,hcpcs,H2017,,,rendered_as,Psychosocial rehabilitation services,False,,
bh_community_support,Behavioral Health Community Support Services,59G-4.031,AHCA 59G rule,code_modifier,serve,hcpcs,H2030,,,rendered_as,Clubhouse services,False,,
bh_community_support,Behavioral Health Community Support Services,59G-4.031,AHCA 59G rule,code_modifier,serve,hcpcs,T1015,HE,Mental health program,rendered_as,"Behavioral health-related medical services: medical procedures, mental health",False,,
bh_community_support,Behavioral Health Community Support Services,59G-4.031,AHCA 59G rule,code_modifier,serve,hcpcs,T1015,HF,Substance abuse program,rendered_as,"Behavioral health-related medical services: medical procedures, substance abuse",False,,
bh_intervention,Behavioral Health Intervention Services,59G-4.370,AHCA 59G rule,code_modifier,serve,hcpcs,H0040,,,rendered_as,Florida Assertive Community Treatment,False,,
bh_intervention,Behavioral Health Intervention Services,59G-4.370,AHCA 59G rule,code_modifier,serve,hcpcs,H2010,HQ,Group setting,rendered_as,Brief group medical therapy,False,,
bh_intervention,Behavioral Health Intervention Services,59G-4.370,AHCA 59G rule,code_modifier,serve,hcpcs,H2012,HF,Substance abuse program,rendered_as,"Behavioral health day services, substance abuse",False,,
bh_intervention,Behavioral Health Intervention Services,59G-4.370,AHCA 59G rule,code_modifier,serve,hcpcs,H2012,,,rendered_as,"Behavioral health day services, mental health",False,,
bh_intervention,Behavioral Health Intervention Services,59G-4.370,AHCA 59G rule,code_modifier,serve,hcpcs,H2019,HM,Less than bachelor degree level,rendered_as,"Therapeutic behavioral on-site services, therapeutic support",False,,
bh_intervention,Behavioral Health Intervention Services,59G-4.370,AHCA 59G rule,code_modifier,serve,hcpcs,H2019,HN,Bachelors degree level,rendered_as,"Therapeutic behavioral on-site services, behavior management",False,,
bh_intervention,Behavioral Health Intervention Services,59G-4.370,AHCA 59G rule,code_modifier,serve,hcpcs,H2019,HO,Masters degree level,rendered_as,"Therapeutic behavioral on-site services, therapy",False,,
bh_intervention,Behavioral Health Intervention Services,59G-4.370,AHCA 59G rule,code_modifier,serve,hcpcs,H2019,HQ,Group setting,rendered_as,Group therapy,False,,
bh_intervention,Behavioral Health Intervention Services,59G-4.370,AHCA 59G rule,code_modifier,serve,hcpcs,H2019,HR,Family/couple with client present,rendered_as,Individual and family therapy,False,,
bh_medication_mgmt,Behavioral Health Medication Management Services,59G-4.029,AHCA 59G rule,code_modifier,serve,hcpcs,H0001,HN,Bachelors degree level,rendered_as,"Bio-psychosocial evaluation, substance abuse",True,,
bh_medication_mgmt,Behavioral Health Medication Management Services,59G-4.029,AHCA 59G rule,code_modifier,serve,hcpcs,H0001,,,rendered_as,"Limited functional assessment, substance abuse",True,,
bh_medication_mgmt,Behavioral Health Medication Management Services,59G-4.029,AHCA 59G rule,code_modifier,serve,hcpcs,H0031,,,rendered_as,"Limited functional assessment, mental health",True,,
bh_medication_mgmt,Behavioral Health Medication Management Services,59G-4.029,AHCA 59G rule,code_modifier,serve,hcpcs,H0032,TS,Follow-up service,rendered_as,"Treatment plan review, mental health",True,,
bh_medication_mgmt,Behavioral Health Medication Management Services,59G-4.029,AHCA 59G rule,code_modifier,serve,hcpcs,H0032,,,rendered_as,"Treatment plan development, new and established patient, mental health",True,,
bh_medication_mgmt,Behavioral Health Medication Management Services,59G-4.029,AHCA 59G rule,code_modifier,serve,hcpcs,H0046,,,rendered_as,"Behavioral health-related medical services: verbal interaction, mental health",True,,
bh_medication_mgmt,Behavioral Health Medication Management Services,59G-4.029,AHCA 59G rule,code_modifier,serve,hcpcs,H2019,,,rendered_as,Psychological testing,True,,
bh_medication_mgmt,Behavioral Health Medication Management Services,59G-4.029,AHCA 59G rule,code_modifier,serve,hcpcs,T1007,TS,Follow-up service,rendered_as,"Treatment plan review, substance abuse",True,,
bh_medication_mgmt,Behavioral Health Medication Management Services,59G-4.029,AHCA 59G rule,code_modifier,serve,hcpcs,T1007,,,rendered_as,"Treatment plan development, new and established patient, substance abuse",True,,
bh_medication_mgmt,Behavioral Health Medication Management Services,59G-4.029,AHCA 59G rule,code_modifier,serve,hcpcs,T1015,,,rendered_as,Medication management,True,,
bh_medication_mgmt,Behavioral Health Medication Management Services,59G-4.029,AHCA 59G rule,code_modifier,serve,hcpcs,T1023,HE,Mental health program,rendered_as,"Behavioral health medical screening, mental health",True,,
bh_medication_mgmt,Behavioral Health Medication Management Services,59G-4.029,AHCA 59G rule,code_modifier,serve,hcpcs,T1023,HF,Substance abuse program,rendered_as,"Behavioral health medical screening, substance abuse",True,,
bh_overlay,Behavioral Health Overlay Services,59G-4.027,AHCA 59G rule,code_modifier,serve,,,,,,,,,
bh_therapy,Behavioral Health Therapy Services,59G-4.052,AHCA 59G rule,code_modifier,serve,hcpcs,H0020,,,rendered_as,Medication-assisted treatment services,False,,
bh_therapy,Behavioral Health Therapy Services,59G-4.052,AHCA 59G rule,code_modifier,serve,hcpcs,H0047,,,rendered_as,"Behavioral health-related medical services: verbal interaction, substance abuse",False,,
bh_therapy,Behavioral Health Therapy Services,59G-4.052,AHCA 59G rule,code_modifier,serve,hcpcs,H0048,,,rendered_as,Behavioral health-related medical services: alcohol and other drug screening specimen,False,,
bh_therapy,Behavioral Health Therapy Services,59G-4.052,AHCA 59G rule,code_modifier,serve,hcpcs,H2010,HE,Mental health program,rendered_as,"Brief individual medical psychotherapy, mental health",False,,
bh_therapy,Behavioral Health Therapy Services,59G-4.052,AHCA 59G rule,code_modifier,serve,hcpcs,H2010,HF,Substance abuse program,rendered_as,"Brief individual medical psychotherapy, substance abuse",False,,
bh_therapy,Behavioral Health Therapy Services,59G-4.052,AHCA 59G rule,code_modifier,serve,hcpcs,H2017,,,rendered_as,Psychosocial rehabilitation services,False,,
bh_therapy,Behavioral Health Therapy Services,59G-4.052,AHCA 59G rule,code_modifier,serve,hcpcs,H2030,,,rendered_as,Clubhouse services,False,,
bh_therapy,Behavioral Health Therapy Services,59G-4.052,AHCA 59G rule,code_modifier,serve,hcpcs,T1015,HE,Mental health program,rendered_as,"Behavioral health-related medical services: medical procedures, mental health",False,,
bh_therapy,Behavioral Health Therapy Services,59G-4.052,AHCA 59G rule,code_modifier,serve,hcpcs,T1015,HF,Substance abuse program,rendered_as,"Behavioral health-related medical services: medical procedures, substance abuse",False,,
cbha,Comprehensive Behavioral Health Assessment,,AHCA 59G rule,code_modifier,serve,,,,,,,,,
chd_clinic,County Health Department clinic services,59G-4.055,AHCA 59G rule,facility_pps_encounter,serve,,,,,,,,,
evaluation_management,Evaluation and Management (outpatient primary care),59G-4.087,AHCA 59G rule,code_modifier,serve,,,,,,,,,
fact,Florida Assertive Community Treatment (FACT),59G-4.127,AHCA 59G rule,code_modifier,serve,hcpcs,H0040,,,rendered_as,Florida Assertive Community Treatment,False,,
fact,Florida Assertive Community Treatment (FACT),59G-4.127,AHCA 59G rule,code_modifier,serve,hcpcs,H2010,HQ,Group setting,rendered_as,Brief group medical therapy,False,,
fact,Florida Assertive Community Treatment (FACT),59G-4.127,AHCA 59G rule,code_modifier,serve,hcpcs,H2012,HF,Substance abuse program,rendered_as,"Behavioral health day services, substance abuse",False,,
fact,Florida Assertive Community Treatment (FACT),59G-4.127,AHCA 59G rule,code_modifier,serve,hcpcs,H2012,,,rendered_as,"Behavioral health day services, mental health",False,,
fact,Florida Assertive Community Treatment (FACT),59G-4.127,AHCA 59G rule,code_modifier,serve,hcpcs,H2019,HM,Less than bachelor degree level,rendered_as,"Therapeutic behavioral on-site services, therapeutic support",False,,
fact,Florida Assertive Community Treatment (FACT),59G-4.127,AHCA 59G rule,code_modifier,serve,hcpcs,H2019,HN,Bachelors degree level,rendered_as,"Therapeutic behavioral on-site services, behavior management",False,,
fact,Florida Assertive Community Treatment (FACT),59G-4.127,AHCA 59G rule,code_modifier,serve,hcpcs,H2019,HO,Masters degree level,rendered_as,"Therapeutic behavioral on-site services, therapy",False,,
fact,Florida Assertive Community Treatment (FACT),59G-4.127,AHCA 59G rule,code_modifier,serve,hcpcs,H2019,HQ,Group setting,rendered_as,Group therapy,False,,
fact,Florida Assertive Community Treatment (FACT),59G-4.127,AHCA 59G rule,code_modifier,serve,hcpcs,H2019,HR,Family/couple with client present,rendered_as,Individual and family therapy,False,,
fqhc_encounter,FQHC encounter — primary care and BH,59G-4.100,AHCA 59G rule,facility_pps_encounter,serve,,,,,,,,,
mhtcm,Mental Health Targeted Case Management,,AHCA 59G rule,code_modifier,serve,,,,,,,,,
qrtp,Qualified Residential Treatment Program Services,,AHCA 59G rule,facility_per_diem,serve,,,,,,,,,
rhc_encounter,Rural Health Clinic encounter,59G-4.280,AHCA 59G rule,facility_pps_encounter,serve,,,,,,,,,
sipp,Statewide Inpatient Psychiatric Program (SIPP),59G-4.120,AHCA 59G rule,facility_per_diem,serve,icd10cm,F20-F29,,,classified_by,"Schizophrenia, schizotypal, delusional and other psychotic disorders",False,,
sipp,Statewide Inpatient Psychiatric Program (SIPP),59G-4.120,AHCA 59G rule,facility_per_diem,serve,icd10cm,F30-F39,,,classified_by,Mood [affective] disorders,False,,
sipp,Statewide Inpatient Psychiatric Program (SIPP),59G-4.120,AHCA 59G rule,facility_per_diem,serve,icd10cm,F40-F48,,,classified_by,"Anxiety, dissociative, stress-related, somatoform disorders",False,,
sipp,Statewide Inpatient Psychiatric Program (SIPP),59G-4.120,AHCA 59G rule,facility_per_diem,serve,icd10cm,F90-F98,,,classified_by,Behavioural and emotional disorders with onset in childhood/adolescence,False,,
sipp,Statewide Inpatient Psychiatric Program (SIPP),59G-4.120,AHCA 59G rule,facility_per_diem,serve,apr_drg,740,1,severity of illness,grouped_to,MENTAL ILLNESS DIAGNOSIS WITH O.R. PROCEDURE,True,,
sipp,Statewide Inpatient Psychiatric Program (SIPP),59G-4.120,AHCA 59G rule,facility_per_diem,serve,apr_drg,740,2,severity of illness,grouped_to,MENTAL ILLNESS DIAGNOSIS WITH O.R. PROCEDURE,True,,
sipp,Statewide Inpatient Psychiatric Program (SIPP),59G-4.120,AHCA 59G rule,facility_per_diem,serve,apr_drg,740,3,severity of illness,grouped_to,MENTAL ILLNESS DIAGNOSIS WITH O.R. PROCEDURE,True,,
sipp,Statewide Inpatient Psychiatric Program (SIPP),59G-4.120,AHCA 59G rule,facility_per_diem,serve,apr_drg,740,4,severity of illness,grouped_to,MENTAL ILLNESS DIAGNOSIS WITH O.R. PROCEDURE,True,,
sipp,Statewide Inpatient Psychiatric Program (SIPP),59G-4.120,AHCA 59G rule,facility_per_diem,serve,apr_drg,750,1,severity of illness,grouped_to,SCHIZOPHRENIA,True,,
sipp,Statewide Inpatient Psychiatric Program (SIPP),59G-4.120,AHCA 59G rule,facility_per_diem,serve,apr_drg,750,2,severity of illness,grouped_to,SCHIZOPHRENIA,True,,
sipp,Statewide Inpatient Psychiatric Program (SIPP),59G-4.120,AHCA 59G rule,facility_per_diem,serve,apr_drg,750,3,severity of illness,grouped_to,SCHIZOPHRENIA,True,,
sipp,Statewide Inpatient Psychiatric Program (SIPP),59G-4.120,AHCA 59G rule,facility_per_diem,serve,apr_drg,750,4,severity of illness,grouped_to,SCHIZOPHRENIA,True,,
sipp,Statewide Inpatient Psychiatric Program (SIPP),59G-4.120,AHCA 59G rule,facility_per_diem,serve,apr_drg,751,1,severity of illness,grouped_to,MAJOR DEPRESSIVE DISORDERS AND OTHER OR UNSPECIFIED PSYCHOSES,True,,
sipp,Statewide Inpatient Psychiatric Program (SIPP),59G-4.120,AHCA 59G rule,facility_per_diem,serve,apr_drg,751,2,severity of illness,grouped_to,MAJOR DEPRESSIVE DISORDERS AND OTHER OR UNSPECIFIED PSYCHOSES,True,,
sipp,Statewide Inpatient Psychiatric Program (SIPP),59G-4.120,AHCA 59G rule,facility_per_diem,serve,apr_drg,751,3,severity of illness,grouped_to,MAJOR DEPRESSIVE DISORDERS AND OTHER OR UNSPECIFIED PSYCHOSES,True,,
sipp,Statewide Inpatient Psychiatric Program (SIPP),59G-4.120,AHCA 59G rule,facility_per_diem,serve,apr_drg,751,4,severity of illness,grouped_to,MAJOR DEPRESSIVE DISORDERS AND OTHER OR UNSPECIFIED PSYCHOSES,True,,
sipp,Statewide Inpatient Psychiatric Program (SIPP),59G-4.120,AHCA 59G rule,facility_per_diem,serve,apr_drg,752,1,severity of illness,grouped_to,DISORDERS OF PERSONALITY AND IMPULSE CONTROL,True,,
sipp,Statewide Inpatient Psychiatric Program (SIPP),59G-4.120,AHCA 59G rule,facility_per_diem,serve,apr_drg,752,2,severity of illness,grouped_to,DISORDERS OF PERSONALITY AND IMPULSE CONTROL,True,,
sipp,Statewide Inpatient Psychiatric Program (SIPP),59G-4.120,AHCA 59G rule,facility_per_diem,serve,apr_drg,752,3,severity of illness,grouped_to,DISORDERS OF PERSONALITY AND IMPULSE CONTROL,True,,
sipp,Statewide Inpatient Psychiatric Program (SIPP),59G-4.120,AHCA 59G rule,facility_per_diem,serve,apr_drg,752,4,severity of illness,grouped_to,DISORDERS OF PERSONALITY AND IMPULSE CONTROL,True,,
sipp,Statewide Inpatient Psychiatric Program (SIPP),59G-4.120,AHCA 59G rule,facility_per_diem,serve,apr_drg,753,1,severity of illness,grouped_to,BIPOLAR DISORDERS,True,,
sipp,Statewide Inpatient Psychiatric Program (SIPP),59G-4.120,AHCA 59G rule,facility_per_diem,serve,apr_drg,753,2,severity of illness,grouped_to,BIPOLAR DISORDERS,True,,
sipp,Statewide Inpatient Psychiatric Program (SIPP),59G-4.120,AHCA 59G rule,facility_per_diem,serve,apr_drg,753,3,severity of illness,grouped_to,BIPOLAR DISORDERS,True,,
sipp,Statewide Inpatient Psychiatric Program (SIPP),59G-4.120,AHCA 59G rule,facility_per_diem,serve,apr_drg,753,4,severity of illness,grouped_to,BIPOLAR DISORDERS,True,,
sipp,Statewide Inpatient Psychiatric Program (SIPP),59G-4.120,AHCA 59G rule,facility_per_diem,serve,apr_drg,754,1,severity of illness,grouped_to,DEPRESSION EXCEPT MAJOR DEPRESSIVE DISORDER,True,,
sipp,Statewide Inpatient Psychiatric Program (SIPP),59G-4.120,AHCA 59G rule,facility_per_diem,serve,apr_drg,754,2,severity of illness,grouped_to,DEPRESSION EXCEPT MAJOR DEPRESSIVE DISORDER,True,,
sipp,Statewide Inpatient Psychiatric Program (SIPP),59G-4.120,AHCA 59G rule,facility_per_diem,serve,apr_drg,754,3,severity of illness,grouped_to,DEPRESSION EXCEPT MAJOR DEPRESSIVE DISORDER,True,,
sipp,Statewide Inpatient Psychiatric Program (SIPP),59G-4.120,AHCA 59G rule,facility_per_diem,serve,apr_drg,754,4,severity of illness,grouped_to,DEPRESSION EXCEPT MAJOR DEPRESSIVE DISORDER,True,,
sipp,Statewide Inpatient Psychiatric Program (SIPP),59G-4.120,AHCA 59G rule,facility_per_diem,serve,apr_drg,755,1,severity of illness,grouped_to,ADJUSTMENT DISORDERS AND NEUROSES EXCEPT DEPRESSIVE DIAGNOSES,True,,
sipp,Statewide Inpatient Psychiatric Program (SIPP),59G-4.120,AHCA 59G rule,facility_per_diem,serve,apr_drg,755,2,severity of illness,grouped_to,ADJUSTMENT DISORDERS AND NEUROSES EXCEPT DEPRESSIVE DIAGNOSES,True,,
sipp,Statewide Inpatient Psychiatric Program (SIPP),59G-4.120,AHCA 59G rule,facility_per_diem,serve,apr_drg,755,3,severity of illness,grouped_to,ADJUSTMENT DISORDERS AND NEUROSES EXCEPT DEPRESSIVE DIAGNOSES,True,,
sipp,Statewide Inpatient Psychiatric Program (SIPP),59G-4.120,AHCA 59G rule,facility_per_diem,serve,apr_drg,755,4,severity of illness,grouped_to,ADJUSTMENT DISORDERS AND NEUROSES EXCEPT DEPRESSIVE DIAGNOSES,True,,
sipp,Statewide Inpatient Psychiatric Program (SIPP),59G-4.120,AHCA 59G rule,facility_per_diem,serve,apr_drg,756,1,severity of illness,grouped_to,ACUTE ANXIETY AND DELIRIUM STATES,True,,
sipp,Statewide Inpatient Psychiatric Program (SIPP),59G-4.120,AHCA 59G rule,facility_per_diem,serve,apr_drg,756,2,severity of illness,grouped_to,ACUTE ANXIETY AND DELIRIUM STATES,True,,
sipp,Statewide Inpatient Psychiatric Program (SIPP),59G-4.120,AHCA 59G rule,facility_per_diem,serve,apr_drg,756,3,severity of illness,grouped_to,ACUTE ANXIETY AND DELIRIUM STATES,True,,
sipp,Statewide Inpatient Psychiatric Program (SIPP),59G-4.120,AHCA 59G rule,facility_per_diem,serve,apr_drg,756,4,severity of illness,grouped_to,ACUTE ANXIETY AND DELIRIUM STATES,True,,
sipp,Statewide Inpatient Psychiatric Program (SIPP),59G-4.120,AHCA 59G rule,facility_per_diem,serve,apr_drg,757,1,severity of illness,grouped_to,ORGANIC MENTAL HEALTH DISTURBANCES,True,,
sipp,Statewide Inpatient Psychiatric Program (SIPP),59G-4.120,AHCA 59G rule,facility_per_diem,serve,apr_drg,757,2,severity of illness,grouped_to,ORGANIC MENTAL HEALTH DISTURBANCES,True,,
sipp,Statewide Inpatient Psychiatric Program (SIPP),59G-4.120,AHCA 59G rule,facility_per_diem,serve,apr_drg,757,3,severity of illness,grouped_to,ORGANIC MENTAL HEALTH DISTURBANCES,True,,
sipp,Statewide Inpatient Psychiatric Program (SIPP),59G-4.120,AHCA 59G rule,facility_per_diem,serve,apr_drg,757,4,severity of illness,grouped_to,ORGANIC MENTAL HEALTH DISTURBANCES,True,,
sipp,Statewide Inpatient Psychiatric Program (SIPP),59G-4.120,AHCA 59G rule,facility_per_diem,serve,apr_drg,758,1,severity of illness,grouped_to,BEHAVIORAL DISORDERS,True,,
sipp,Statewide Inpatient Psychiatric Program (SIPP),59G-4.120,AHCA 59G rule,facility_per_diem,serve,apr_drg,758,2,severity of illness,grouped_to,BEHAVIORAL DISORDERS,True,,
sipp,Statewide Inpatient Psychiatric Program (SIPP),59G-4.120,AHCA 59G rule,facility_per_diem,serve,apr_drg,758,3,severity of illness,grouped_to,BEHAVIORAL DISORDERS,True,,
sipp,Statewide Inpatient Psychiatric Program (SIPP),59G-4.120,AHCA 59G rule,facility_per_diem,serve,apr_drg,758,4,severity of illness,grouped_to,BEHAVIORAL DISORDERS,True,,
sipp,Statewide Inpatient Psychiatric Program (SIPP),59G-4.120,AHCA 59G rule,facility_per_diem,serve,apr_drg,759,1,severity of illness,grouped_to,EATING DISORDERS,True,,
sipp,Statewide Inpatient Psychiatric Program (SIPP),59G-4.120,AHCA 59G rule,facility_per_diem,serve,apr_drg,759,2,severity of illness,grouped_to,EATING DISORDERS,True,,
sipp,Statewide Inpatient Psychiatric Program (SIPP),59G-4.120,AHCA 59G rule,facility_per_diem,serve,apr_drg,759,3,severity of illness,grouped_to,EATING DISORDERS,True,,
sipp,Statewide Inpatient Psychiatric Program (SIPP),59G-4.120,AHCA 59G rule,facility_per_diem,serve,apr_drg,759,4,severity of illness,grouped_to,EATING DISORDERS,True,,
sipp,Statewide Inpatient Psychiatric Program (SIPP),59G-4.120,AHCA 59G rule,facility_per_diem,serve,apr_drg,760,1,severity of illness,grouped_to,OTHER MENTAL HEALTH DISORDERS,True,,
sipp,Statewide Inpatient Psychiatric Program (SIPP),59G-4.120,AHCA 59G rule,facility_per_diem,serve,apr_drg,760,2,severity of illness,grouped_to,OTHER MENTAL HEALTH DISORDERS,True,,
sipp,Statewide Inpatient Psychiatric Program (SIPP),59G-4.120,AHCA 59G rule,facility_per_diem,serve,apr_drg,760,3,severity of illness,grouped_to,OTHER MENTAL HEALTH DISORDERS,True,,
sipp,Statewide Inpatient Psychiatric Program (SIPP),59G-4.120,AHCA 59G rule,facility_per_diem,serve,apr_drg,760,4,severity of illness,grouped_to,OTHER MENTAL HEALTH DISORDERS,True,,
specialized_therapeutic,Specialized Therapeutic Services,,AHCA 59G rule,code_modifier,serve,,,,,,,,,
state_mental_health,State Mental Health,59G-4.300,AHCA 59G rule,code_modifier,serve,,,,,,,,,
tcm_child_health,Child Health Services Targeted Case Management,59G-8.700,AHCA 59G rule,code_modifier,serve,,,,,,,,,
tcm_children_at_risk,Targeted Case Management for Children at Risk of Abuse and Neglect,59G-4.310,AHCA 59G rule,code_modifier,serve,hcpcs,T2023,HA,Child/adolescent program,rendered_as,Targeted case management for children at risk of abuse and neglect,True,,
therapeutic_group_care,Therapeutic Group Care Services,59G-4.295,AHCA 59G rule,facility_per_diem,serve,,,,,,,,,
baker_act_exam,Baker Act involuntary examination,,FL Statute 394 (Baker Act),facility_per_diem,decline_well,,,,,,,,,
csu_baker_act,Crisis Stabilization Unit / Baker Act receiving,,FL Statute 394 (Baker Act),facility_per_diem,decline_well,icd10cm,F20-F29,,,classified_by,"Schizophrenia, schizotypal, delusional and other psychotic disorders",False,,
csu_baker_act,Crisis Stabilization Unit / Baker Act receiving,,FL Statute 394 (Baker Act),facility_per_diem,decline_well,icd10cm,F30-F39,,,classified_by,Mood [affective] disorders,False,,
ed_behavioral,Emergency Department behavioral health,59G-4.160,Hospital reimbursement (DRG/EAPG),hospital_eapg,decline_well,icd10cm,F10-F19,,,classified_by,Mental and behavioural disorders due to psychoactive substance use,False,,
ed_behavioral,Emergency Department behavioral health,59G-4.160,Hospital reimbursement (DRG/EAPG),hospital_eapg,decline_well,icd10cm,F20-F29,,,classified_by,"Schizophrenia, schizotypal, delusional and other psychotic disorders",False,,
ed_behavioral,Emergency Department behavioral health,59G-4.160,Hospital reimbursement (DRG/EAPG),hospital_eapg,decline_well,icd10cm,F30-F39,,,classified_by,Mood [affective] disorders,False,,
ed_behavioral,Emergency Department behavioral health,59G-4.160,Hospital reimbursement (DRG/EAPG),hospital_eapg,decline_well,icd10cm,F40-F48,,,classified_by,"Anxiety, dissociative, stress-related, somatoform disorders",False,,
ed_behavioral,Emergency Department behavioral health,59G-4.160,Hospital reimbursement (DRG/EAPG),hospital_eapg,decline_well,apr_drg,740,1,severity of illness,grouped_to,MENTAL ILLNESS DIAGNOSIS WITH O.R. PROCEDURE,True,,
ed_behavioral,Emergency Department behavioral health,59G-4.160,Hospital reimbursement (DRG/EAPG),hospital_eapg,decline_well,apr_drg,740,2,severity of illness,grouped_to,MENTAL ILLNESS DIAGNOSIS WITH O.R. PROCEDURE,True,,
ed_behavioral,Emergency Department behavioral health,59G-4.160,Hospital reimbursement (DRG/EAPG),hospital_eapg,decline_well,apr_drg,740,3,severity of illness,grouped_to,MENTAL ILLNESS DIAGNOSIS WITH O.R. PROCEDURE,True,,
ed_behavioral,Emergency Department behavioral health,59G-4.160,Hospital reimbursement (DRG/EAPG),hospital_eapg,decline_well,apr_drg,740,4,severity of illness,grouped_to,MENTAL ILLNESS DIAGNOSIS WITH O.R. PROCEDURE,True,,
ed_behavioral,Emergency Department behavioral health,59G-4.160,Hospital reimbursement (DRG/EAPG),hospital_eapg,decline_well,apr_drg,750,1,severity of illness,grouped_to,SCHIZOPHRENIA,True,,
ed_behavioral,Emergency Department behavioral health,59G-4.160,Hospital reimbursement (DRG/EAPG),hospital_eapg,decline_well,apr_drg,750,2,severity of illness,grouped_to,SCHIZOPHRENIA,True,,
ed_behavioral,Emergency Department behavioral health,59G-4.160,Hospital reimbursement (DRG/EAPG),hospital_eapg,decline_well,apr_drg,750,3,severity of illness,grouped_to,SCHIZOPHRENIA,True,,
ed_behavioral,Emergency Department behavioral health,59G-4.160,Hospital reimbursement (DRG/EAPG),hospital_eapg,decline_well,apr_drg,750,4,severity of illness,grouped_to,SCHIZOPHRENIA,True,,
ed_behavioral,Emergency Department behavioral health,59G-4.160,Hospital reimbursement (DRG/EAPG),hospital_eapg,decline_well,apr_drg,751,1,severity of illness,grouped_to,MAJOR DEPRESSIVE DISORDERS AND OTHER OR UNSPECIFIED PSYCHOSES,True,,
ed_behavioral,Emergency Department behavioral health,59G-4.160,Hospital reimbursement (DRG/EAPG),hospital_eapg,decline_well,apr_drg,751,2,severity of illness,grouped_to,MAJOR DEPRESSIVE DISORDERS AND OTHER OR UNSPECIFIED PSYCHOSES,True,,
ed_behavioral,Emergency Department behavioral health,59G-4.160,Hospital reimbursement (DRG/EAPG),hospital_eapg,decline_well,apr_drg,751,3,severity of illness,grouped_to,MAJOR DEPRESSIVE DISORDERS AND OTHER OR UNSPECIFIED PSYCHOSES,True,,
ed_behavioral,Emergency Department behavioral health,59G-4.160,Hospital reimbursement (DRG/EAPG),hospital_eapg,decline_well,apr_drg,751,4,severity of illness,grouped_to,MAJOR DEPRESSIVE DISORDERS AND OTHER OR UNSPECIFIED PSYCHOSES,True,,
ed_behavioral,Emergency Department behavioral health,59G-4.160,Hospital reimbursement (DRG/EAPG),hospital_eapg,decline_well,apr_drg,752,1,severity of illness,grouped_to,DISORDERS OF PERSONALITY AND IMPULSE CONTROL,True,,
ed_behavioral,Emergency Department behavioral health,59G-4.160,Hospital reimbursement (DRG/EAPG),hospital_eapg,decline_well,apr_drg,752,2,severity of illness,grouped_to,DISORDERS OF PERSONALITY AND IMPULSE CONTROL,True,,
ed_behavioral,Emergency Department behavioral health,59G-4.160,Hospital reimbursement (DRG/EAPG),hospital_eapg,decline_well,apr_drg,752,3,severity of illness,grouped_to,DISORDERS OF PERSONALITY AND IMPULSE CONTROL,True,,
ed_behavioral,Emergency Department behavioral health,59G-4.160,Hospital reimbursement (DRG/EAPG),hospital_eapg,decline_well,apr_drg,752,4,severity of illness,grouped_to,DISORDERS OF PERSONALITY AND IMPULSE CONTROL,True,,
ed_behavioral,Emergency Department behavioral health,59G-4.160,Hospital reimbursement (DRG/EAPG),hospital_eapg,decline_well,apr_drg,753,1,severity of illness,grouped_to,BIPOLAR DISORDERS,True,,
ed_behavioral,Emergency Department behavioral health,59G-4.160,Hospital reimbursement (DRG/EAPG),hospital_eapg,decline_well,apr_drg,753,2,severity of illness,grouped_to,BIPOLAR DISORDERS,True,,
ed_behavioral,Emergency Department behavioral health,59G-4.160,Hospital reimbursement (DRG/EAPG),hospital_eapg,decline_well,apr_drg,753,3,severity of illness,grouped_to,BIPOLAR DISORDERS,True,,
ed_behavioral,Emergency Department behavioral health,59G-4.160,Hospital reimbursement (DRG/EAPG),hospital_eapg,decline_well,apr_drg,753,4,severity of illness,grouped_to,BIPOLAR DISORDERS,True,,
ed_behavioral,Emergency Department behavioral health,59G-4.160,Hospital reimbursement (DRG/EAPG),hospital_eapg,decline_well,apr_drg,754,1,severity of illness,grouped_to,DEPRESSION EXCEPT MAJOR DEPRESSIVE DISORDER,True,,
ed_behavioral,Emergency Department behavioral health,59G-4.160,Hospital reimbursement (DRG/EAPG),hospital_eapg,decline_well,apr_drg,754,2,severity of illness,grouped_to,DEPRESSION EXCEPT MAJOR DEPRESSIVE DISORDER,True,,
ed_behavioral,Emergency Department behavioral health,59G-4.160,Hospital reimbursement (DRG/EAPG),hospital_eapg,decline_well,apr_drg,754,3,severity of illness,grouped_to,DEPRESSION EXCEPT MAJOR DEPRESSIVE DISORDER,True,,
ed_behavioral,Emergency Department behavioral health,59G-4.160,Hospital reimbursement (DRG/EAPG),hospital_eapg,decline_well,apr_drg,754,4,severity of illness,grouped_to,DEPRESSION EXCEPT MAJOR DEPRESSIVE DISORDER,True,,
ed_behavioral,Emergency Department behavioral health,59G-4.160,Hospital reimbursement (DRG/EAPG),hospital_eapg,decline_well,apr_drg,755,1,severity of illness,grouped_to,ADJUSTMENT DISORDERS AND NEUROSES EXCEPT DEPRESSIVE DIAGNOSES,True,,
ed_behavioral,Emergency Department behavioral health,59G-4.160,Hospital reimbursement (DRG/EAPG),hospital_eapg,decline_well,apr_drg,755,2,severity of illness,grouped_to,ADJUSTMENT DISORDERS AND NEUROSES EXCEPT DEPRESSIVE DIAGNOSES,True,,
ed_behavioral,Emergency Department behavioral health,59G-4.160,Hospital reimbursement (DRG/EAPG),hospital_eapg,decline_well,apr_drg,755,3,severity of illness,grouped_to,ADJUSTMENT DISORDERS AND NEUROSES EXCEPT DEPRESSIVE DIAGNOSES,True,,
ed_behavioral,Emergency Department behavioral health,59G-4.160,Hospital reimbursement (DRG/EAPG),hospital_eapg,decline_well,apr_drg,755,4,severity of illness,grouped_to,ADJUSTMENT DISORDERS AND NEUROSES EXCEPT DEPRESSIVE DIAGNOSES,True,,
ed_behavioral,Emergency Department behavioral health,59G-4.160,Hospital reimbursement (DRG/EAPG),hospital_eapg,decline_well,apr_drg,756,1,severity of illness,grouped_to,ACUTE ANXIETY AND DELIRIUM STATES,True,,
ed_behavioral,Emergency Department behavioral health,59G-4.160,Hospital reimbursement (DRG/EAPG),hospital_eapg,decline_well,apr_drg,756,2,severity of illness,grouped_to,ACUTE ANXIETY AND DELIRIUM STATES,True,,
ed_behavioral,Emergency Department behavioral health,59G-4.160,Hospital reimbursement (DRG/EAPG),hospital_eapg,decline_well,apr_drg,756,3,severity of illness,grouped_to,ACUTE ANXIETY AND DELIRIUM STATES,True,,
ed_behavioral,Emergency Department behavioral health,59G-4.160,Hospital reimbursement (DRG/EAPG),hospital_eapg,decline_well,apr_drg,756,4,severity of illness,grouped_to,ACUTE ANXIETY AND DELIRIUM STATES,True,,
ed_behavioral,Emergency Department behavioral health,59G-4.160,Hospital reimbursement (DRG/EAPG),hospital_eapg,decline_well,apr_drg,757,1,severity of illness,grouped_to,ORGANIC MENTAL HEALTH DISTURBANCES,True,,
ed_behavioral,Emergency Department behavioral health,59G-4.160,Hospital reimbursement (DRG/EAPG),hospital_eapg,decline_well,apr_drg,757,2,severity of illness,grouped_to,ORGANIC MENTAL HEALTH DISTURBANCES,True,,
ed_behavioral,Emergency Department behavioral health,59G-4.160,Hospital reimbursement (DRG/EAPG),hospital_eapg,decline_well,apr_drg,757,3,severity of illness,grouped_to,ORGANIC MENTAL HEALTH DISTURBANCES,True,,
ed_behavioral,Emergency Department behavioral health,59G-4.160,Hospital reimbursement (DRG/EAPG),hospital_eapg,decline_well,apr_drg,757,4,severity of illness,grouped_to,ORGANIC MENTAL HEALTH DISTURBANCES,True,,
ed_behavioral,Emergency Department behavioral health,59G-4.160,Hospital reimbursement (DRG/EAPG),hospital_eapg,decline_well,apr_drg,758,1,severity of illness,grouped_to,BEHAVIORAL DISORDERS,True,,
ed_behavioral,Emergency Department behavioral health,59G-4.160,Hospital reimbursement (DRG/EAPG),hospital_eapg,decline_well,apr_drg,758,2,severity of illness,grouped_to,BEHAVIORAL DISORDERS,True,,
ed_behavioral,Emergency Department behavioral health,59G-4.160,Hospital reimbursement (DRG/EAPG),hospital_eapg,decline_well,apr_drg,758,3,severity of illness,grouped_to,BEHAVIORAL DISORDERS,True,,
ed_behavioral,Emergency Department behavioral health,59G-4.160,Hospital reimbursement (DRG/EAPG),hospital_eapg,decline_well,apr_drg,758,4,severity of illness,grouped_to,BEHAVIORAL DISORDERS,True,,
ed_behavioral,Emergency Department behavioral health,59G-4.160,Hospital reimbursement (DRG/EAPG),hospital_eapg,decline_well,apr_drg,759,1,severity of illness,grouped_to,EATING DISORDERS,True,,
ed_behavioral,Emergency Department behavioral health,59G-4.160,Hospital reimbursement (DRG/EAPG),hospital_eapg,decline_well,apr_drg,759,2,severity of illness,grouped_to,EATING DISORDERS,True,,
ed_behavioral,Emergency Department behavioral health,59G-4.160,Hospital reimbursement (DRG/EAPG),hospital_eapg,decline_well,apr_drg,759,3,severity of illness,grouped_to,EATING DISORDERS,True,,
ed_behavioral,Emergency Department behavioral health,59G-4.160,Hospital reimbursement (DRG/EAPG),hospital_eapg,decline_well,apr_drg,759,4,severity of illness,grouped_to,EATING DISORDERS,True,,
ed_behavioral,Emergency Department behavioral health,59G-4.160,Hospital reimbursement (DRG/EAPG),hospital_eapg,decline_well,apr_drg,760,1,severity of illness,grouped_to,OTHER MENTAL HEALTH DISORDERS,True,,
ed_behavioral,Emergency Department behavioral health,59G-4.160,Hospital reimbursement (DRG/EAPG),hospital_eapg,decline_well,apr_drg,760,2,severity of illness,grouped_to,OTHER MENTAL HEALTH DISORDERS,True,,
ed_behavioral,Emergency Department behavioral health,59G-4.160,Hospital reimbursement (DRG/EAPG),hospital_eapg,decline_well,apr_drg,760,3,severity of illness,grouped_to,OTHER MENTAL HEALTH DISORDERS,True,,
ed_behavioral,Emergency Department behavioral health,59G-4.160,Hospital reimbursement (DRG/EAPG),hospital_eapg,decline_well,apr_drg,760,4,severity of illness,grouped_to,OTHER MENTAL HEALTH DISORDERS,True,,
ed_behavioral,Emergency Department behavioral health,59G-4.160,Hospital reimbursement (DRG/EAPG),hospital_eapg,decline_well,apr_drg,770,1,severity of illness,grouped_to,"DRUG AND ALCOHOL ABUSE OR DEPENDENCE, LEFT AGAINST MEDICAL ADVICE",True,,
ed_behavioral,Emergency Department behavioral health,59G-4.160,Hospital reimbursement (DRG/EAPG),hospital_eapg,decline_well,apr_drg,770,2,severity of illness,grouped_to,"DRUG AND ALCOHOL ABUSE OR DEPENDENCE, LEFT AGAINST MEDICAL ADVICE",True,,
ed_behavioral,Emergency Department behavioral health,59G-4.160,Hospital reimbursement (DRG/EAPG),hospital_eapg,decline_well,apr_drg,770,3,severity of illness,grouped_to,"DRUG AND ALCOHOL ABUSE OR DEPENDENCE, LEFT AGAINST MEDICAL ADVICE",True,,
ed_behavioral,Emergency Department behavioral health,59G-4.160,Hospital reimbursement (DRG/EAPG),hospital_eapg,decline_well,apr_drg,770,4,severity of illness,grouped_to,"DRUG AND ALCOHOL ABUSE OR DEPENDENCE, LEFT AGAINST MEDICAL ADVICE",True,,
ed_behavioral,Emergency Department behavioral health,59G-4.160,Hospital reimbursement (DRG/EAPG),hospital_eapg,decline_well,apr_drg,772,1,severity of illness,grouped_to,ALCOHOL AND DRUG DEPENDENCE WITH REHABILITATION AND/OR DETOXIFICATION THERAPY,True,,
ed_behavioral,Emergency Department behavioral health,59G-4.160,Hospital reimbursement (DRG/EAPG),hospital_eapg,decline_well,apr_drg,772,2,severity of illness,grouped_to,ALCOHOL AND DRUG DEPENDENCE WITH REHABILITATION AND/OR DETOXIFICATION THERAPY,True,,
ed_behavioral,Emergency Department behavioral health,59G-4.160,Hospital reimbursement (DRG/EAPG),hospital_eapg,decline_well,apr_drg,772,3,severity of illness,grouped_to,ALCOHOL AND DRUG DEPENDENCE WITH REHABILITATION AND/OR DETOXIFICATION THERAPY,True,,
ed_behavioral,Emergency Department behavioral health,59G-4.160,Hospital reimbursement (DRG/EAPG),hospital_eapg,decline_well,apr_drg,772,4,severity of illness,grouped_to,ALCOHOL AND DRUG DEPENDENCE WITH REHABILITATION AND/OR DETOXIFICATION THERAPY,True,,
ed_behavioral,Emergency Department behavioral health,59G-4.160,Hospital reimbursement (DRG/EAPG),hospital_eapg,decline_well,apr_drg,773,1,severity of illness,grouped_to,OPIOID ABUSE AND DEPENDENCE,True,,
ed_behavioral,Emergency Department behavioral health,59G-4.160,Hospital reimbursement (DRG/EAPG),hospital_eapg,decline_well,apr_drg,773,2,severity of illness,grouped_to,OPIOID ABUSE AND DEPENDENCE,True,,
ed_behavioral,Emergency Department behavioral health,59G-4.160,Hospital reimbursement (DRG/EAPG),hospital_eapg,decline_well,apr_drg,773,3,severity of illness,grouped_to,OPIOID ABUSE AND DEPENDENCE,True,,
ed_behavioral,Emergency Department behavioral health,59G-4.160,Hospital reimbursement (DRG/EAPG),hospital_eapg,decline_well,apr_drg,773,4,severity of illness,grouped_to,OPIOID ABUSE AND DEPENDENCE,True,,
ed_behavioral,Emergency Department behavioral health,59G-4.160,Hospital reimbursement (DRG/EAPG),hospital_eapg,decline_well,apr_drg,774,1,severity of illness,grouped_to,COCAINE ABUSE AND DEPENDENCE,True,,
ed_behavioral,Emergency Department behavioral health,59G-4.160,Hospital reimbursement (DRG/EAPG),hospital_eapg,decline_well,apr_drg,774,2,severity of illness,grouped_to,COCAINE ABUSE AND DEPENDENCE,True,,
ed_behavioral,Emergency Department behavioral health,59G-4.160,Hospital reimbursement (DRG/EAPG),hospital_eapg,decline_well,apr_drg,774,3,severity of illness,grouped_to,COCAINE ABUSE AND DEPENDENCE,True,,
ed_behavioral,Emergency Department behavioral health,59G-4.160,Hospital reimbursement (DRG/EAPG),hospital_eapg,decline_well,apr_drg,774,4,severity of illness,grouped_to,COCAINE ABUSE AND DEPENDENCE,True,,
ed_behavioral,Emergency Department behavioral health,59G-4.160,Hospital reimbursement (DRG/EAPG),hospital_eapg,decline_well,apr_drg,775,1,severity of illness,grouped_to,ALCOHOL ABUSE AND DEPENDENCE,True,,
ed_behavioral,Emergency Department behavioral health,59G-4.160,Hospital reimbursement (DRG/EAPG),hospital_eapg,decline_well,apr_drg,775,2,severity of illness,grouped_to,ALCOHOL ABUSE AND DEPENDENCE,True,,
ed_behavioral,Emergency Department behavioral health,59G-4.160,Hospital reimbursement (DRG/EAPG),hospital_eapg,decline_well,apr_drg,775,3,severity of illness,grouped_to,ALCOHOL ABUSE AND DEPENDENCE,True,,
ed_behavioral,Emergency Department behavioral health,59G-4.160,Hospital reimbursement (DRG/EAPG),hospital_eapg,decline_well,apr_drg,775,4,severity of illness,grouped_to,ALCOHOL ABUSE AND DEPENDENCE,True,,
ed_behavioral,Emergency Department behavioral health,59G-4.160,Hospital reimbursement (DRG/EAPG),hospital_eapg,decline_well,apr_drg,776,1,severity of illness,grouped_to,OTHER DRUG ABUSE AND DEPENDENCE,True,,
ed_behavioral,Emergency Department behavioral health,59G-4.160,Hospital reimbursement (DRG/EAPG),hospital_eapg,decline_well,apr_drg,776,2,severity of illness,grouped_to,OTHER DRUG ABUSE AND DEPENDENCE,True,,
ed_behavioral,Emergency Department behavioral health,59G-4.160,Hospital reimbursement (DRG/EAPG),hospital_eapg,decline_well,apr_drg,776,3,severity of illness,grouped_to,OTHER DRUG ABUSE AND DEPENDENCE,True,,
ed_behavioral,Emergency Department behavioral health,59G-4.160,Hospital reimbursement (DRG/EAPG),hospital_eapg,decline_well,apr_drg,776,4,severity of illness,grouped_to,OTHER DRUG ABUSE AND DEPENDENCE,True,,
inpatient_psych_adult,"Inpatient Psychiatric — adult, hospital",59G-4.150,Hospital reimbursement (DRG/EAPG),hospital_drg,decline_well,icd10cm,F01-F09,,,classified_by,Mental disorders due to known physiological conditions,False,,
inpatient_psych_adult,"Inpatient Psychiatric — adult, hospital",59G-4.150,Hospital reimbursement (DRG/EAPG),hospital_drg,decline_well,icd10cm,F10-F19,,,classified_by,Mental and behavioural disorders due to psychoactive substance use,False,,
inpatient_psych_adult,"Inpatient Psychiatric — adult, hospital",59G-4.150,Hospital reimbursement (DRG/EAPG),hospital_drg,decline_well,icd10cm,F20-F29,,,classified_by,"Schizophrenia, schizotypal, delusional and other psychotic disorders",False,,
inpatient_psych_adult,"Inpatient Psychiatric — adult, hospital",59G-4.150,Hospital reimbursement (DRG/EAPG),hospital_drg,decline_well,icd10cm,F30-F39,,,classified_by,Mood [affective] disorders,False,,
inpatient_psych_adult,"Inpatient Psychiatric — adult, hospital",59G-4.150,Hospital reimbursement (DRG/EAPG),hospital_drg,decline_well,icd10cm,F40-F48,,,classified_by,"Anxiety, dissociative, stress-related, somatoform disorders",False,,
inpatient_psych_adult,"Inpatient Psychiatric — adult, hospital",59G-4.150,Hospital reimbursement (DRG/EAPG),hospital_drg,decline_well,icd10cm,F50-F59,,,classified_by,Behavioural syndromes with physiological disturbances,False,,
inpatient_psych_adult,"Inpatient Psychiatric — adult, hospital",59G-4.150,Hospital reimbursement (DRG/EAPG),hospital_drg,decline_well,icd10cm,F60-F69,,,classified_by,Disorders of adult personality and behaviour,False,,
inpatient_psych_adult,"Inpatient Psychiatric — adult, hospital",59G-4.150,Hospital reimbursement (DRG/EAPG),hospital_drg,decline_well,icd10cm,F90-F98,,,classified_by,Behavioural and emotional disorders with onset in childhood/adolescence,False,,
inpatient_psych_adult,"Inpatient Psychiatric — adult, hospital",59G-4.150,Hospital reimbursement (DRG/EAPG),hospital_drg,decline_well,apr_drg,740,1,severity of illness,grouped_to,MENTAL ILLNESS DIAGNOSIS WITH O.R. PROCEDURE,True,,
inpatient_psych_adult,"Inpatient Psychiatric — adult, hospital",59G-4.150,Hospital reimbursement (DRG/EAPG),hospital_drg,decline_well,apr_drg,740,2,severity of illness,grouped_to,MENTAL ILLNESS DIAGNOSIS WITH O.R. PROCEDURE,True,,
inpatient_psych_adult,"Inpatient Psychiatric — adult, hospital",59G-4.150,Hospital reimbursement (DRG/EAPG),hospital_drg,decline_well,apr_drg,740,3,severity of illness,grouped_to,MENTAL ILLNESS DIAGNOSIS WITH O.R. PROCEDURE,True,,
inpatient_psych_adult,"Inpatient Psychiatric — adult, hospital",59G-4.150,Hospital reimbursement (DRG/EAPG),hospital_drg,decline_well,apr_drg,740,4,severity of illness,grouped_to,MENTAL ILLNESS DIAGNOSIS WITH O.R. PROCEDURE,True,,
inpatient_psych_adult,"Inpatient Psychiatric — adult, hospital",59G-4.150,Hospital reimbursement (DRG/EAPG),hospital_drg,decline_well,apr_drg,750,1,severity of illness,grouped_to,SCHIZOPHRENIA,True,,
inpatient_psych_adult,"Inpatient Psychiatric — adult, hospital",59G-4.150,Hospital reimbursement (DRG/EAPG),hospital_drg,decline_well,apr_drg,750,2,severity of illness,grouped_to,SCHIZOPHRENIA,True,,
inpatient_psych_adult,"Inpatient Psychiatric — adult, hospital",59G-4.150,Hospital reimbursement (DRG/EAPG),hospital_drg,decline_well,apr_drg,750,3,severity of illness,grouped_to,SCHIZOPHRENIA,True,,
inpatient_psych_adult,"Inpatient Psychiatric — adult, hospital",59G-4.150,Hospital reimbursement (DRG/EAPG),hospital_drg,decline_well,apr_drg,750,4,severity of illness,grouped_to,SCHIZOPHRENIA,True,,
inpatient_psych_adult,"Inpatient Psychiatric — adult, hospital",59G-4.150,Hospital reimbursement (DRG/EAPG),hospital_drg,decline_well,apr_drg,751,1,severity of illness,grouped_to,MAJOR DEPRESSIVE DISORDERS AND OTHER OR UNSPECIFIED PSYCHOSES,True,,
inpatient_psych_adult,"Inpatient Psychiatric — adult, hospital",59G-4.150,Hospital reimbursement (DRG/EAPG),hospital_drg,decline_well,apr_drg,751,2,severity of illness,grouped_to,MAJOR DEPRESSIVE DISORDERS AND OTHER OR UNSPECIFIED PSYCHOSES,True,,
inpatient_psych_adult,"Inpatient Psychiatric — adult, hospital",59G-4.150,Hospital reimbursement (DRG/EAPG),hospital_drg,decline_well,apr_drg,751,3,severity of illness,grouped_to,MAJOR DEPRESSIVE DISORDERS AND OTHER OR UNSPECIFIED PSYCHOSES,True,,
inpatient_psych_adult,"Inpatient Psychiatric — adult, hospital",59G-4.150,Hospital reimbursement (DRG/EAPG),hospital_drg,decline_well,apr_drg,751,4,severity of illness,grouped_to,MAJOR DEPRESSIVE DISORDERS AND OTHER OR UNSPECIFIED PSYCHOSES,True,,
inpatient_psych_adult,"Inpatient Psychiatric — adult, hospital",59G-4.150,Hospital reimbursement (DRG/EAPG),hospital_drg,decline_well,apr_drg,752,1,severity of illness,grouped_to,DISORDERS OF PERSONALITY AND IMPULSE CONTROL,True,,
inpatient_psych_adult,"Inpatient Psychiatric — adult, hospital",59G-4.150,Hospital reimbursement (DRG/EAPG),hospital_drg,decline_well,apr_drg,752,2,severity of illness,grouped_to,DISORDERS OF PERSONALITY AND IMPULSE CONTROL,True,,
inpatient_psych_adult,"Inpatient Psychiatric — adult, hospital",59G-4.150,Hospital reimbursement (DRG/EAPG),hospital_drg,decline_well,apr_drg,752,3,severity of illness,grouped_to,DISORDERS OF PERSONALITY AND IMPULSE CONTROL,True,,
inpatient_psych_adult,"Inpatient Psychiatric — adult, hospital",59G-4.150,Hospital reimbursement (DRG/EAPG),hospital_drg,decline_well,apr_drg,752,4,severity of illness,grouped_to,DISORDERS OF PERSONALITY AND IMPULSE CONTROL,True,,
inpatient_psych_adult,"Inpatient Psychiatric — adult, hospital",59G-4.150,Hospital reimbursement (DRG/EAPG),hospital_drg,decline_well,apr_drg,753,1,severity of illness,grouped_to,BIPOLAR DISORDERS,True,,
inpatient_psych_adult,"Inpatient Psychiatric — adult, hospital",59G-4.150,Hospital reimbursement (DRG/EAPG),hospital_drg,decline_well,apr_drg,753,2,severity of illness,grouped_to,BIPOLAR DISORDERS,True,,
inpatient_psych_adult,"Inpatient Psychiatric — adult, hospital",59G-4.150,Hospital reimbursement (DRG/EAPG),hospital_drg,decline_well,apr_drg,753,3,severity of illness,grouped_to,BIPOLAR DISORDERS,True,,
inpatient_psych_adult,"Inpatient Psychiatric — adult, hospital",59G-4.150,Hospital reimbursement (DRG/EAPG),hospital_drg,decline_well,apr_drg,753,4,severity of illness,grouped_to,BIPOLAR DISORDERS,True,,
inpatient_psych_adult,"Inpatient Psychiatric — adult, hospital",59G-4.150,Hospital reimbursement (DRG/EAPG),hospital_drg,decline_well,apr_drg,754,1,severity of illness,grouped_to,DEPRESSION EXCEPT MAJOR DEPRESSIVE DISORDER,True,,
inpatient_psych_adult,"Inpatient Psychiatric — adult, hospital",59G-4.150,Hospital reimbursement (DRG/EAPG),hospital_drg,decline_well,apr_drg,754,2,severity of illness,grouped_to,DEPRESSION EXCEPT MAJOR DEPRESSIVE DISORDER,True,,
inpatient_psych_adult,"Inpatient Psychiatric — adult, hospital",59G-4.150,Hospital reimbursement (DRG/EAPG),hospital_drg,decline_well,apr_drg,754,3,severity of illness,grouped_to,DEPRESSION EXCEPT MAJOR DEPRESSIVE DISORDER,True,,
inpatient_psych_adult,"Inpatient Psychiatric — adult, hospital",59G-4.150,Hospital reimbursement (DRG/EAPG),hospital_drg,decline_well,apr_drg,754,4,severity of illness,grouped_to,DEPRESSION EXCEPT MAJOR DEPRESSIVE DISORDER,True,,
inpatient_psych_adult,"Inpatient Psychiatric — adult, hospital",59G-4.150,Hospital reimbursement (DRG/EAPG),hospital_drg,decline_well,apr_drg,755,1,severity of illness,grouped_to,ADJUSTMENT DISORDERS AND NEUROSES EXCEPT DEPRESSIVE DIAGNOSES,True,,
inpatient_psych_adult,"Inpatient Psychiatric — adult, hospital",59G-4.150,Hospital reimbursement (DRG/EAPG),hospital_drg,decline_well,apr_drg,755,2,severity of illness,grouped_to,ADJUSTMENT DISORDERS AND NEUROSES EXCEPT DEPRESSIVE DIAGNOSES,True,,
inpatient_psych_adult,"Inpatient Psychiatric — adult, hospital",59G-4.150,Hospital reimbursement (DRG/EAPG),hospital_drg,decline_well,apr_drg,755,3,severity of illness,grouped_to,ADJUSTMENT DISORDERS AND NEUROSES EXCEPT DEPRESSIVE DIAGNOSES,True,,
inpatient_psych_adult,"Inpatient Psychiatric — adult, hospital",59G-4.150,Hospital reimbursement (DRG/EAPG),hospital_drg,decline_well,apr_drg,755,4,severity of illness,grouped_to,ADJUSTMENT DISORDERS AND NEUROSES EXCEPT DEPRESSIVE DIAGNOSES,True,,
inpatient_psych_adult,"Inpatient Psychiatric — adult, hospital",59G-4.150,Hospital reimbursement (DRG/EAPG),hospital_drg,decline_well,apr_drg,756,1,severity of illness,grouped_to,ACUTE ANXIETY AND DELIRIUM STATES,True,,
inpatient_psych_adult,"Inpatient Psychiatric — adult, hospital",59G-4.150,Hospital reimbursement (DRG/EAPG),hospital_drg,decline_well,apr_drg,756,2,severity of illness,grouped_to,ACUTE ANXIETY AND DELIRIUM STATES,True,,
inpatient_psych_adult,"Inpatient Psychiatric — adult, hospital",59G-4.150,Hospital reimbursement (DRG/EAPG),hospital_drg,decline_well,apr_drg,756,3,severity of illness,grouped_to,ACUTE ANXIETY AND DELIRIUM STATES,True,,
inpatient_psych_adult,"Inpatient Psychiatric — adult, hospital",59G-4.150,Hospital reimbursement (DRG/EAPG),hospital_drg,decline_well,apr_drg,756,4,severity of illness,grouped_to,ACUTE ANXIETY AND DELIRIUM STATES,True,,
inpatient_psych_adult,"Inpatient Psychiatric — adult, hospital",59G-4.150,Hospital reimbursement (DRG/EAPG),hospital_drg,decline_well,apr_drg,757,1,severity of illness,grouped_to,ORGANIC MENTAL HEALTH DISTURBANCES,True,,
inpatient_psych_adult,"Inpatient Psychiatric — adult, hospital",59G-4.150,Hospital reimbursement (DRG/EAPG),hospital_drg,decline_well,apr_drg,757,2,severity of illness,grouped_to,ORGANIC MENTAL HEALTH DISTURBANCES,True,,
inpatient_psych_adult,"Inpatient Psychiatric — adult, hospital",59G-4.150,Hospital reimbursement (DRG/EAPG),hospital_drg,decline_well,apr_drg,757,3,severity of illness,grouped_to,ORGANIC MENTAL HEALTH DISTURBANCES,True,,
inpatient_psych_adult,"Inpatient Psychiatric — adult, hospital",59G-4.150,Hospital reimbursement (DRG/EAPG),hospital_drg,decline_well,apr_drg,757,4,severity of illness,grouped_to,ORGANIC MENTAL HEALTH DISTURBANCES,True,,
inpatient_psych_adult,"Inpatient Psychiatric — adult, hospital",59G-4.150,Hospital reimbursement (DRG/EAPG),hospital_drg,decline_well,apr_drg,758,1,severity of illness,grouped_to,BEHAVIORAL DISORDERS,True,,
inpatient_psych_adult,"Inpatient Psychiatric — adult, hospital",59G-4.150,Hospital reimbursement (DRG/EAPG),hospital_drg,decline_well,apr_drg,758,2,severity of illness,grouped_to,BEHAVIORAL DISORDERS,True,,
inpatient_psych_adult,"Inpatient Psychiatric — adult, hospital",59G-4.150,Hospital reimbursement (DRG/EAPG),hospital_drg,decline_well,apr_drg,758,3,severity of illness,grouped_to,BEHAVIORAL DISORDERS,True,,
inpatient_psych_adult,"Inpatient Psychiatric — adult, hospital",59G-4.150,Hospital reimbursement (DRG/EAPG),hospital_drg,decline_well,apr_drg,758,4,severity of illness,grouped_to,BEHAVIORAL DISORDERS,True,,
inpatient_psych_adult,"Inpatient Psychiatric — adult, hospital",59G-4.150,Hospital reimbursement (DRG/EAPG),hospital_drg,decline_well,apr_drg,759,1,severity of illness,grouped_to,EATING DISORDERS,True,,
inpatient_psych_adult,"Inpatient Psychiatric — adult, hospital",59G-4.150,Hospital reimbursement (DRG/EAPG),hospital_drg,decline_well,apr_drg,759,2,severity of illness,grouped_to,EATING DISORDERS,True,,
inpatient_psych_adult,"Inpatient Psychiatric — adult, hospital",59G-4.150,Hospital reimbursement (DRG/EAPG),hospital_drg,decline_well,apr_drg,759,3,severity of illness,grouped_to,EATING DISORDERS,True,,
inpatient_psych_adult,"Inpatient Psychiatric — adult, hospital",59G-4.150,Hospital reimbursement (DRG/EAPG),hospital_drg,decline_well,apr_drg,759,4,severity of illness,grouped_to,EATING DISORDERS,True,,
inpatient_psych_adult,"Inpatient Psychiatric — adult, hospital",59G-4.150,Hospital reimbursement (DRG/EAPG),hospital_drg,decline_well,apr_drg,760,1,severity of illness,grouped_to,OTHER MENTAL HEALTH DISORDERS,True,,
inpatient_psych_adult,"Inpatient Psychiatric — adult, hospital",59G-4.150,Hospital reimbursement (DRG/EAPG),hospital_drg,decline_well,apr_drg,760,2,severity of illness,grouped_to,OTHER MENTAL HEALTH DISORDERS,True,,
inpatient_psych_adult,"Inpatient Psychiatric — adult, hospital",59G-4.150,Hospital reimbursement (DRG/EAPG),hospital_drg,decline_well,apr_drg,760,3,severity of illness,grouped_to,OTHER MENTAL HEALTH DISORDERS,True,,
inpatient_psych_adult,"Inpatient Psychiatric — adult, hospital",59G-4.150,Hospital reimbursement (DRG/EAPG),hospital_drg,decline_well,apr_drg,760,4,severity of illness,grouped_to,OTHER MENTAL HEALTH DISORDERS,True,,
inpatient_psych_adult,"Inpatient Psychiatric — adult, hospital",59G-4.150,Hospital reimbursement (DRG/EAPG),hospital_drg,decline_well,apr_drg,770,1,severity of illness,grouped_to,"DRUG AND ALCOHOL ABUSE OR DEPENDENCE, LEFT AGAINST MEDICAL ADVICE",True,,
inpatient_psych_adult,"Inpatient Psychiatric — adult, hospital",59G-4.150,Hospital reimbursement (DRG/EAPG),hospital_drg,decline_well,apr_drg,770,2,severity of illness,grouped_to,"DRUG AND ALCOHOL ABUSE OR DEPENDENCE, LEFT AGAINST MEDICAL ADVICE",True,,
inpatient_psych_adult,"Inpatient Psychiatric — adult, hospital",59G-4.150,Hospital reimbursement (DRG/EAPG),hospital_drg,decline_well,apr_drg,770,3,severity of illness,grouped_to,"DRUG AND ALCOHOL ABUSE OR DEPENDENCE, LEFT AGAINST MEDICAL ADVICE",True,,
inpatient_psych_adult,"Inpatient Psychiatric — adult, hospital",59G-4.150,Hospital reimbursement (DRG/EAPG),hospital_drg,decline_well,apr_drg,770,4,severity of illness,grouped_to,"DRUG AND ALCOHOL ABUSE OR DEPENDENCE, LEFT AGAINST MEDICAL ADVICE",True,,
inpatient_psych_adult,"Inpatient Psychiatric — adult, hospital",59G-4.150,Hospital reimbursement (DRG/EAPG),hospital_drg,decline_well,apr_drg,772,1,severity of illness,grouped_to,ALCOHOL AND DRUG DEPENDENCE WITH REHABILITATION AND/OR DETOXIFICATION THERAPY,True,,
inpatient_psych_adult,"Inpatient Psychiatric — adult, hospital",59G-4.150,Hospital reimbursement (DRG/EAPG),hospital_drg,decline_well,apr_drg,772,2,severity of illness,grouped_to,ALCOHOL AND DRUG DEPENDENCE WITH REHABILITATION AND/OR DETOXIFICATION THERAPY,True,,
inpatient_psych_adult,"Inpatient Psychiatric — adult, hospital",59G-4.150,Hospital reimbursement (DRG/EAPG),hospital_drg,decline_well,apr_drg,772,3,severity of illness,grouped_to,ALCOHOL AND DRUG DEPENDENCE WITH REHABILITATION AND/OR DETOXIFICATION THERAPY,True,,
inpatient_psych_adult,"Inpatient Psychiatric — adult, hospital",59G-4.150,Hospital reimbursement (DRG/EAPG),hospital_drg,decline_well,apr_drg,772,4,severity of illness,grouped_to,ALCOHOL AND DRUG DEPENDENCE WITH REHABILITATION AND/OR DETOXIFICATION THERAPY,True,,
inpatient_psych_adult,"Inpatient Psychiatric — adult, hospital",59G-4.150,Hospital reimbursement (DRG/EAPG),hospital_drg,decline_well,apr_drg,773,1,severity of illness,grouped_to,OPIOID ABUSE AND DEPENDENCE,True,,
inpatient_psych_adult,"Inpatient Psychiatric — adult, hospital",59G-4.150,Hospital reimbursement (DRG/EAPG),hospital_drg,decline_well,apr_drg,773,2,severity of illness,grouped_to,OPIOID ABUSE AND DEPENDENCE,True,,
inpatient_psych_adult,"Inpatient Psychiatric — adult, hospital",59G-4.150,Hospital reimbursement (DRG/EAPG),hospital_drg,decline_well,apr_drg,773,3,severity of illness,grouped_to,OPIOID ABUSE AND DEPENDENCE,True,,
inpatient_psych_adult,"Inpatient Psychiatric — adult, hospital",59G-4.150,Hospital reimbursement (DRG/EAPG),hospital_drg,decline_well,apr_drg,773,4,severity of illness,grouped_to,OPIOID ABUSE AND DEPENDENCE,True,,
inpatient_psych_adult,"Inpatient Psychiatric — adult, hospital",59G-4.150,Hospital reimbursement (DRG/EAPG),hospital_drg,decline_well,apr_drg,774,1,severity of illness,grouped_to,COCAINE ABUSE AND DEPENDENCE,True,,
inpatient_psych_adult,"Inpatient Psychiatric — adult, hospital",59G-4.150,Hospital reimbursement (DRG/EAPG),hospital_drg,decline_well,apr_drg,774,2,severity of illness,grouped_to,COCAINE ABUSE AND DEPENDENCE,True,,
inpatient_psych_adult,"Inpatient Psychiatric — adult, hospital",59G-4.150,Hospital reimbursement (DRG/EAPG),hospital_drg,decline_well,apr_drg,774,3,severity of illness,grouped_to,COCAINE ABUSE AND DEPENDENCE,True,,
inpatient_psych_adult,"Inpatient Psychiatric — adult, hospital",59G-4.150,Hospital reimbursement (DRG/EAPG),hospital_drg,decline_well,apr_drg,774,4,severity of illness,grouped_to,COCAINE ABUSE AND DEPENDENCE,True,,
inpatient_psych_adult,"Inpatient Psychiatric — adult, hospital",59G-4.150,Hospital reimbursement (DRG/EAPG),hospital_drg,decline_well,apr_drg,775,1,severity of illness,grouped_to,ALCOHOL ABUSE AND DEPENDENCE,True,,
inpatient_psych_adult,"Inpatient Psychiatric — adult, hospital",59G-4.150,Hospital reimbursement (DRG/EAPG),hospital_drg,decline_well,apr_drg,775,2,severity of illness,grouped_to,ALCOHOL ABUSE AND DEPENDENCE,True,,
inpatient_psych_adult,"Inpatient Psychiatric — adult, hospital",59G-4.150,Hospital reimbursement (DRG/EAPG),hospital_drg,decline_well,apr_drg,775,3,severity of illness,grouped_to,ALCOHOL ABUSE AND DEPENDENCE,True,,
inpatient_psych_adult,"Inpatient Psychiatric — adult, hospital",59G-4.150,Hospital reimbursement (DRG/EAPG),hospital_drg,decline_well,apr_drg,775,4,severity of illness,grouped_to,ALCOHOL ABUSE AND DEPENDENCE,True,,
inpatient_psych_adult,"Inpatient Psychiatric — adult, hospital",59G-4.150,Hospital reimbursement (DRG/EAPG),hospital_drg,decline_well,apr_drg,776,1,severity of illness,grouped_to,OTHER DRUG ABUSE AND DEPENDENCE,True,,
inpatient_psych_adult,"Inpatient Psychiatric — adult, hospital",59G-4.150,Hospital reimbursement (DRG/EAPG),hospital_drg,decline_well,apr_drg,776,2,severity of illness,grouped_to,OTHER DRUG ABUSE AND DEPENDENCE,True,,
inpatient_psych_adult,"Inpatient Psychiatric — adult, hospital",59G-4.150,Hospital reimbursement (DRG/EAPG),hospital_drg,decline_well,apr_drg,776,3,severity of illness,grouped_to,OTHER DRUG ABUSE AND DEPENDENCE,True,,
inpatient_psych_adult,"Inpatient Psychiatric — adult, hospital",59G-4.150,Hospital reimbursement (DRG/EAPG),hospital_drg,decline_well,apr_drg,776,4,severity of illness,grouped_to,OTHER DRUG ABUSE AND DEPENDENCE,True,,
iop,Intensive Outpatient Program (IOP),,Plan benefit,code_modifier,decline_well,,,,,,,,,
marchman_act,Marchman Act services,,FL Statute 397 (Marchman Act),facility_per_diem,decline_well,icd10cm,F10-F19,,,classified_by,Mental and behavioural disorders due to psychoactive substance use,False,,
marchman_act,Marchman Act services,,FL Statute 397 (Marchman Act),facility_per_diem,decline_well,apr_drg,770,1,severity of illness,grouped_to,"DRUG AND ALCOHOL ABUSE OR DEPENDENCE, LEFT AGAINST MEDICAL ADVICE",True,,
marchman_act,Marchman Act services,,FL Statute 397 (Marchman Act),facility_per_diem,decline_well,apr_drg,770,2,severity of illness,grouped_to,"DRUG AND ALCOHOL ABUSE OR DEPENDENCE, LEFT AGAINST MEDICAL ADVICE",True,,
marchman_act,Marchman Act services,,FL Statute 397 (Marchman Act),facility_per_diem,decline_well,apr_drg,770,3,severity of illness,grouped_to,"DRUG AND ALCOHOL ABUSE OR DEPENDENCE, LEFT AGAINST MEDICAL ADVICE",True,,
marchman_act,Marchman Act services,,FL Statute 397 (Marchman Act),facility_per_diem,decline_well,apr_drg,770,4,severity of illness,grouped_to,"DRUG AND ALCOHOL ABUSE OR DEPENDENCE, LEFT AGAINST MEDICAL ADVICE",True,,
marchman_act,Marchman Act services,,FL Statute 397 (Marchman Act),facility_per_diem,decline_well,apr_drg,772,1,severity of illness,grouped_to,ALCOHOL AND DRUG DEPENDENCE WITH REHABILITATION AND/OR DETOXIFICATION THERAPY,True,,
marchman_act,Marchman Act services,,FL Statute 397 (Marchman Act),facility_per_diem,decline_well,apr_drg,772,2,severity of illness,grouped_to,ALCOHOL AND DRUG DEPENDENCE WITH REHABILITATION AND/OR DETOXIFICATION THERAPY,True,,
marchman_act,Marchman Act services,,FL Statute 397 (Marchman Act),facility_per_diem,decline_well,apr_drg,772,3,severity of illness,grouped_to,ALCOHOL AND DRUG DEPENDENCE WITH REHABILITATION AND/OR DETOXIFICATION THERAPY,True,,
marchman_act,Marchman Act services,,FL Statute 397 (Marchman Act),facility_per_diem,decline_well,apr_drg,772,4,severity of illness,grouped_to,ALCOHOL AND DRUG DEPENDENCE WITH REHABILITATION AND/OR DETOXIFICATION THERAPY,True,,
marchman_act,Marchman Act services,,FL Statute 397 (Marchman Act),facility_per_diem,decline_well,apr_drg,773,1,severity of illness,grouped_to,OPIOID ABUSE AND DEPENDENCE,True,,
marchman_act,Marchman Act services,,FL Statute 397 (Marchman Act),facility_per_diem,decline_well,apr_drg,773,2,severity of illness,grouped_to,OPIOID ABUSE AND DEPENDENCE,True,,
marchman_act,Marchman Act services,,FL Statute 397 (Marchman Act),facility_per_diem,decline_well,apr_drg,773,3,severity of illness,grouped_to,OPIOID ABUSE AND DEPENDENCE,True,,
marchman_act,Marchman Act services,,FL Statute 397 (Marchman Act),facility_per_diem,decline_well,apr_drg,773,4,severity of illness,grouped_to,OPIOID ABUSE AND DEPENDENCE,True,,
marchman_act,Marchman Act services,,FL Statute 397 (Marchman Act),facility_per_diem,decline_well,apr_drg,774,1,severity of illness,grouped_to,COCAINE ABUSE AND DEPENDENCE,True,,
marchman_act,Marchman Act services,,FL Statute 397 (Marchman Act),facility_per_diem,decline_well,apr_drg,774,2,severity of illness,grouped_to,COCAINE ABUSE AND DEPENDENCE,True,,
marchman_act,Marchman Act services,,FL Statute 397 (Marchman Act),facility_per_diem,decline_well,apr_drg,774,3,severity of illness,grouped_to,COCAINE ABUSE AND DEPENDENCE,True,,
marchman_act,Marchman Act services,,FL Statute 397 (Marchman Act),facility_per_diem,decline_well,apr_drg,774,4,severity of illness,grouped_to,COCAINE ABUSE AND DEPENDENCE,True,,
marchman_act,Marchman Act services,,FL Statute 397 (Marchman Act),facility_per_diem,decline_well,apr_drg,775,1,severity of illness,grouped_to,ALCOHOL ABUSE AND DEPENDENCE,True,,
marchman_act,Marchman Act services,,FL Statute 397 (Marchman Act),facility_per_diem,decline_well,apr_drg,775,2,severity of illness,grouped_to,ALCOHOL ABUSE AND DEPENDENCE,True,,
marchman_act,Marchman Act services,,FL Statute 397 (Marchman Act),facility_per_diem,decline_well,apr_drg,775,3,severity of illness,grouped_to,ALCOHOL ABUSE AND DEPENDENCE,True,,
marchman_act,Marchman Act services,,FL Statute 397 (Marchman Act),facility_per_diem,decline_well,apr_drg,775,4,severity of illness,grouped_to,ALCOHOL ABUSE AND DEPENDENCE,True,,
marchman_act,Marchman Act services,,FL Statute 397 (Marchman Act),facility_per_diem,decline_well,apr_drg,776,1,severity of illness,grouped_to,OTHER DRUG ABUSE AND DEPENDENCE,True,,
marchman_act,Marchman Act services,,FL Statute 397 (Marchman Act),facility_per_diem,decline_well,apr_drg,776,2,severity of illness,grouped_to,OTHER DRUG ABUSE AND DEPENDENCE,True,,
marchman_act,Marchman Act services,,FL Statute 397 (Marchman Act),facility_per_diem,decline_well,apr_drg,776,3,severity of illness,grouped_to,OTHER DRUG ABUSE AND DEPENDENCE,True,,
marchman_act,Marchman Act services,,FL Statute 397 (Marchman Act),facility_per_diem,decline_well,apr_drg,776,4,severity of illness,grouped_to,OTHER DRUG ABUSE AND DEPENDENCE,True,,
mobile_response,Mobile Response Team / crisis intervention,,DCF Managing Entity,facility_per_diem,decline_well,,,,,,,,,
php,Partial Hospitalization Program (PHP),,Plan benefit,code_modifier,decline_well,,,,,,,,,
sud_residential,Substance Use Residential Treatment,,IMD 1115 demonstration,facility_per_diem,decline_well,icd10cm,F10-F19,,,classified_by,Mental and behavioural disorders due to psychoactive substance use,False,,
sud_residential,Substance Use Residential Treatment,,IMD 1115 demonstration,facility_per_diem,decline_well,apr_drg,770,1,severity of illness,grouped_to,"DRUG AND ALCOHOL ABUSE OR DEPENDENCE, LEFT AGAINST MEDICAL ADVICE",True,,
sud_residential,Substance Use Residential Treatment,,IMD 1115 demonstration,facility_per_diem,decline_well,apr_drg,770,2,severity of illness,grouped_to,"DRUG AND ALCOHOL ABUSE OR DEPENDENCE, LEFT AGAINST MEDICAL ADVICE",True,,
sud_residential,Substance Use Residential Treatment,,IMD 1115 demonstration,facility_per_diem,decline_well,apr_drg,770,3,severity of illness,grouped_to,"DRUG AND ALCOHOL ABUSE OR DEPENDENCE, LEFT AGAINST MEDICAL ADVICE",True,,
sud_residential,Substance Use Residential Treatment,,IMD 1115 demonstration,facility_per_diem,decline_well,apr_drg,770,4,severity of illness,grouped_to,"DRUG AND ALCOHOL ABUSE OR DEPENDENCE, LEFT AGAINST MEDICAL ADVICE",True,,
sud_residential,Substance Use Residential Treatment,,IMD 1115 demonstration,facility_per_diem,decline_well,apr_drg,772,1,severity of illness,grouped_to,ALCOHOL AND DRUG DEPENDENCE WITH REHABILITATION AND/OR DETOXIFICATION THERAPY,True,,
sud_residential,Substance Use Residential Treatment,,IMD 1115 demonstration,facility_per_diem,decline_well,apr_drg,772,2,severity of illness,grouped_to,ALCOHOL AND DRUG DEPENDENCE WITH REHABILITATION AND/OR DETOXIFICATION THERAPY,True,,
sud_residential,Substance Use Residential Treatment,,IMD 1115 demonstration,facility_per_diem,decline_well,apr_drg,772,3,severity of illness,grouped_to,ALCOHOL AND DRUG DEPENDENCE WITH REHABILITATION AND/OR DETOXIFICATION THERAPY,True,,
sud_residential,Substance Use Residential Treatment,,IMD 1115 demonstration,facility_per_diem,decline_well,apr_drg,772,4,severity of illness,grouped_to,ALCOHOL AND DRUG DEPENDENCE WITH REHABILITATION AND/OR DETOXIFICATION THERAPY,True,,
sud_residential,Substance Use Residential Treatment,,IMD 1115 demonstration,facility_per_diem,decline_well,apr_drg,773,1,severity of illness,grouped_to,OPIOID ABUSE AND DEPENDENCE,True,,
sud_residential,Substance Use Residential Treatment,,IMD 1115 demonstration,facility_per_diem,decline_well,apr_drg,773,2,severity of illness,grouped_to,OPIOID ABUSE AND DEPENDENCE,True,,
sud_residential,Substance Use Residential Treatment,,IMD 1115 demonstration,facility_per_diem,decline_well,apr_drg,773,3,severity of illness,grouped_to,OPIOID ABUSE AND DEPENDENCE,True,,
sud_residential,Substance Use Residential Treatment,,IMD 1115 demonstration,facility_per_diem,decline_well,apr_drg,773,4,severity of illness,grouped_to,OPIOID ABUSE AND DEPENDENCE,True,,
sud_residential,Substance Use Residential Treatment,,IMD 1115 demonstration,facility_per_diem,decline_well,apr_drg,774,1,severity of illness,grouped_to,COCAINE ABUSE AND DEPENDENCE,True,,
sud_residential,Substance Use Residential Treatment,,IMD 1115 demonstration,facility_per_diem,decline_well,apr_drg,774,2,severity of illness,grouped_to,COCAINE ABUSE AND DEPENDENCE,True,,
sud_residential,Substance Use Residential Treatment,,IMD 1115 demonstration,facility_per_diem,decline_well,apr_drg,774,3,severity of illness,grouped_to,COCAINE ABUSE AND DEPENDENCE,True,,
sud_residential,Substance Use Residential Treatment,,IMD 1115 demonstration,facility_per_diem,decline_well,apr_drg,774,4,severity of illness,grouped_to,COCAINE ABUSE AND DEPENDENCE,True,,
sud_residential,Substance Use Residential Treatment,,IMD 1115 demonstration,facility_per_diem,decline_well,apr_drg,775,1,severity of illness,grouped_to,ALCOHOL ABUSE AND DEPENDENCE,True,,
sud_residential,Substance Use Residential Treatment,,IMD 1115 demonstration,facility_per_diem,decline_well,apr_drg,775,2,severity of illness,grouped_to,ALCOHOL ABUSE AND DEPENDENCE,True,,
sud_residential,Substance Use Residential Treatment,,IMD 1115 demonstration,facility_per_diem,decline_well,apr_drg,775,3,severity of illness,grouped_to,ALCOHOL ABUSE AND DEPENDENCE,True,,
sud_residential,Substance Use Residential Treatment,,IMD 1115 demonstration,facility_per_diem,decline_well,apr_drg,775,4,severity of illness,grouped_to,ALCOHOL ABUSE AND DEPENDENCE,True,,
sud_residential,Substance Use Residential Treatment,,IMD 1115 demonstration,facility_per_diem,decline_well,apr_drg,776,1,severity of illness,grouped_to,OTHER DRUG ABUSE AND DEPENDENCE,True,,
sud_residential,Substance Use Residential Treatment,,IMD 1115 demonstration,facility_per_diem,decline_well,apr_drg,776,2,severity of illness,grouped_to,OTHER DRUG ABUSE AND DEPENDENCE,True,,
sud_residential,Substance Use Residential Treatment,,IMD 1115 demonstration,facility_per_diem,decline_well,apr_drg,776,3,severity of illness,grouped_to,OTHER DRUG ABUSE AND DEPENDENCE,True,,
sud_residential,Substance Use Residential Treatment,,IMD 1115 demonstration,facility_per_diem,decline_well,apr_drg,776,4,severity of illness,grouped_to,OTHER DRUG ABUSE AND DEPENDENCE,True,,
withdrawal_management,Withdrawal Management / Detoxification,,DCF Managing Entity,facility_per_diem,decline_well,icd10cm,F10-F19,,,classified_by,Mental and behavioural disorders due to psychoactive substance use,False,,
withdrawal_management,Withdrawal Management / Detoxification,,DCF Managing Entity,facility_per_diem,decline_well,apr_drg,770,1,severity of illness,grouped_to,"DRUG AND ALCOHOL ABUSE OR DEPENDENCE, LEFT AGAINST MEDICAL ADVICE",True,,
withdrawal_management,Withdrawal Management / Detoxification,,DCF Managing Entity,facility_per_diem,decline_well,apr_drg,770,2,severity of illness,grouped_to,"DRUG AND ALCOHOL ABUSE OR DEPENDENCE, LEFT AGAINST MEDICAL ADVICE",True,,
withdrawal_management,Withdrawal Management / Detoxification,,DCF Managing Entity,facility_per_diem,decline_well,apr_drg,770,3,severity of illness,grouped_to,"DRUG AND ALCOHOL ABUSE OR DEPENDENCE, LEFT AGAINST MEDICAL ADVICE",True,,
withdrawal_management,Withdrawal Management / Detoxification,,DCF Managing Entity,facility_per_diem,decline_well,apr_drg,770,4,severity of illness,grouped_to,"DRUG AND ALCOHOL ABUSE OR DEPENDENCE, LEFT AGAINST MEDICAL ADVICE",True,,
withdrawal_management,Withdrawal Management / Detoxification,,DCF Managing Entity,facility_per_diem,decline_well,apr_drg,772,1,severity of illness,grouped_to,ALCOHOL AND DRUG DEPENDENCE WITH REHABILITATION AND/OR DETOXIFICATION THERAPY,True,,
withdrawal_management,Withdrawal Management / Detoxification,,DCF Managing Entity,facility_per_diem,decline_well,apr_drg,772,2,severity of illness,grouped_to,ALCOHOL AND DRUG DEPENDENCE WITH REHABILITATION AND/OR DETOXIFICATION THERAPY,True,,
withdrawal_management,Withdrawal Management / Detoxification,,DCF Managing Entity,facility_per_diem,decline_well,apr_drg,772,3,severity of illness,grouped_to,ALCOHOL AND DRUG DEPENDENCE WITH REHABILITATION AND/OR DETOXIFICATION THERAPY,True,,
withdrawal_management,Withdrawal Management / Detoxification,,DCF Managing Entity,facility_per_diem,decline_well,apr_drg,772,4,severity of illness,grouped_to,ALCOHOL AND DRUG DEPENDENCE WITH REHABILITATION AND/OR DETOXIFICATION THERAPY,True,,
withdrawal_management,Withdrawal Management / Detoxification,,DCF Managing Entity,facility_per_diem,decline_well,apr_drg,773,1,severity of illness,grouped_to,OPIOID ABUSE AND DEPENDENCE,True,,
withdrawal_management,Withdrawal Management / Detoxification,,DCF Managing Entity,facility_per_diem,decline_well,apr_drg,773,2,severity of illness,grouped_to,OPIOID ABUSE AND DEPENDENCE,True,,
withdrawal_management,Withdrawal Management / Detoxification,,DCF Managing Entity,facility_per_diem,decline_well,apr_drg,773,3,severity of illness,grouped_to,OPIOID ABUSE AND DEPENDENCE,True,,
withdrawal_management,Withdrawal Management / Detoxification,,DCF Managing Entity,facility_per_diem,decline_well,apr_drg,773,4,severity of illness,grouped_to,OPIOID ABUSE AND DEPENDENCE,True,,
withdrawal_management,Withdrawal Management / Detoxification,,DCF Managing Entity,facility_per_diem,decline_well,apr_drg,774,1,severity of illness,grouped_to,COCAINE ABUSE AND DEPENDENCE,True,,
withdrawal_management,Withdrawal Management / Detoxification,,DCF Managing Entity,facility_per_diem,decline_well,apr_drg,774,2,severity of illness,grouped_to,COCAINE ABUSE AND DEPENDENCE,True,,
withdrawal_management,Withdrawal Management / Detoxification,,DCF Managing Entity,facility_per_diem,decline_well,apr_drg,774,3,severity of illness,grouped_to,COCAINE ABUSE AND DEPENDENCE,True,,
withdrawal_management,Withdrawal Management / Detoxification,,DCF Managing Entity,facility_per_diem,decline_well,apr_drg,774,4,severity of illness,grouped_to,COCAINE ABUSE AND DEPENDENCE,True,,
withdrawal_management,Withdrawal Management / Detoxification,,DCF Managing Entity,facility_per_diem,decline_well,apr_drg,775,1,severity of illness,grouped_to,ALCOHOL ABUSE AND DEPENDENCE,True,,
withdrawal_management,Withdrawal Management / Detoxification,,DCF Managing Entity,facility_per_diem,decline_well,apr_drg,775,2,severity of illness,grouped_to,ALCOHOL ABUSE AND DEPENDENCE,True,,
withdrawal_management,Withdrawal Management / Detoxification,,DCF Managing Entity,facility_per_diem,decline_well,apr_drg,775,3,severity of illness,grouped_to,ALCOHOL ABUSE AND DEPENDENCE,True,,
withdrawal_management,Withdrawal Management / Detoxification,,DCF Managing Entity,facility_per_diem,decline_well,apr_drg,775,4,severity of illness,grouped_to,ALCOHOL ABUSE AND DEPENDENCE,True,,
withdrawal_management,Withdrawal Management / Detoxification,,DCF Managing Entity,facility_per_diem,decline_well,apr_drg,776,1,severity of illness,grouped_to,OTHER DRUG ABUSE AND DEPENDENCE,True,,
withdrawal_management,Withdrawal Management / Detoxification,,DCF Managing Entity,facility_per_diem,decline_well,apr_drg,776,2,severity of illness,grouped_to,OTHER DRUG ABUSE AND DEPENDENCE,True,,
withdrawal_management,Withdrawal Management / Detoxification,,DCF Managing Entity,facility_per_diem,decline_well,apr_drg,776,3,severity of illness,grouped_to,OTHER DRUG ABUSE AND DEPENDENCE,True,,
withdrawal_management,Withdrawal Management / Detoxification,,DCF Managing Entity,facility_per_diem,decline_well,apr_drg,776,4,severity of illness,grouped_to,OTHER DRUG ABUSE AND DEPENDENCE,True,,
